,province,age_group,sex,population,gamma_adj,rho_adj,province_cat,age_group_cat,sex_cat,logit_rho_adj,log_population,Estimated Prevalence,Lower 95% HPDI,Upper 95% HPDI,asd_cases,asd_LCL,asd_UCL
0,Alberta,18-19,Female,49680.0,554.6022679101761,0.011163491705116267,0,0,0,-4.483880223021134,10.81335771660736,0.01138111255422306,0.004918180459205776,0.025612354094342593,565.4136716938017,244.33520521334296,1272.42175140694
1,Alberta,18-19,Male,52128.0,1884.5548470334747,0.03615244872301786,0,0,1,-3.2831884561224642,10.861457511401772,0.04318774029251067,0.01888477334143936,0.09244909082800465,2251.290525967996,984.425464742551,4819.186206682226
2,Alberta,20-24,Female,132465.0,1471.4065313469173,0.011107889112949966,0,1,0,-4.488929649814005,11.794073738571011,0.011149131095746443,0.004890463252565927,0.025574833471129335,1476.8696505980527,647.8152147511455,3387.7703157531473
3,Alberta,20-24,Male,143100.0,5125.843052128501,0.03582000735240042,0,1,1,-3.29277138965413,11.871298965544542,0.04327866843819396,0.019545266501459185,0.09425089150071368,6193.177453505556,2796.927636358809,13487.302573752128
4,Alberta,25-29,Female,155695.0,1715.9956061549726,0.011021520319566927,0,2,0,-4.49682281746751,11.955654244268562,0.012054215831194266,0.005203223558736272,0.026831083726227032,1876.7811338377912,810.1158919774439,4177.465580754918
5,Alberta,25-29,Male,164995.0,5816.403911571215,0.03525200103985705,0,2,1,-3.3093446315265687,12.013670449393269,0.045888057492938714,0.02014202773251768,0.09668219248319461,7571.300046047423,3323.3338657267545,15952.078348764695
6,Alberta,30-34,Female,174475.0,1908.0277322465877,0.010935823082083896,0,3,0,-4.504715298513368,12.069536743885353,0.013172597754658164,0.005884387129055953,0.03050560577682237,2298.288993243983,1026.6784443420374,5322.465567911083
7,Alberta,30-34,Male,180665.0,6254.037618407581,0.03461676372516858,0,3,1,-3.3281870930789235,12.10439976661887,0.048857458712824306,0.02232464916681891,0.10368300086161304,8826.832778352404,4033.2827417233384,18731.88935066332
8,Alberta,35-39,Female,174365.0,1888.4577812268374,0.01083048651522288,0,4,0,-4.514500732884148,12.068906082243076,0.013145169633880505,0.00586877930138661,0.03019242758604759,2292.0575032115744,1023.3097028862763,5264.5026360411875
9,Alberta,35-39,Male,177085.0,5998.905404438767,0.03387585286409785,0,4,1,-3.350589886975915,12.08438512227307,0.04819309251771057,0.02175964343984535,0.10489142231534734,8534.273788498776,3853.306458545014,18574.697520713285
10,Alberta,40-44,Female,153885.0,1643.9030187026933,0.010682672246825183,0,5,0,-4.528392124729691,11.943960849189923,0.012156010929241406,0.005274746034923583,0.02745582191897477,1870.6277418463137,811.7042935842156,4225.039156001432
11,Alberta,40-44,Male,156610.0,5167.321952567412,0.03299484038418627,0,5,1,-3.377852633884888,11.96151391746048,0.044669919864073294,0.01940031256756231,0.09561351595308226,6995.756149912519,3038.2829512059334,14974.032733412214
12,Alberta,45-49,Female,139325.0,1457.0732343654709,0.010458088888322059,0,6,0,-4.549866384711209,11.844564612437738,0.010638064689229192,0.004870261271874271,0.024604921124434916,1482.1483628268572,678.5491517038828,3428.0806356618946
13,Alberta,45-49,Male,145575.0,4638.778559975943,0.03186521421930924,0,6,1,-3.4138563676338287,11.888446696705321,0.04012304407639909,0.018200916918441973,0.08742123655139958,5840.912141421798,2649.59848040219,12726.346510969994
14,Alberta,50-54,Female,131860.0,1334.8730617860383,0.010123411662263297,0,7,0,-4.582729549289557,11.78949603266729,0.009225075933182605,0.004087493480160376,0.02155372370794213,1216.4185125494582,538.9768902939472,2842.0740081292493
15,Alberta,50-54,Male,135925.0,4121.527433594472,0.03032207050648867,0,7,1,-3.465088137997593,11.81985854201412,0.03447782523674746,0.015479476071771196,0.07822602138423164,4686.398395304898,2104.0477850555,10632.871956651685
16,Alberta,55-59,Female,142710.0,1374.546997150487,0.009631749682226102,0,8,0,-4.633011943895103,11.868569878094437,0.008677757073617325,0.003829955914953032,0.01964980820249239,1238.4027119759285,546.5730086229472,2804.2241285776886
17,Alberta,55-59,Male,143390.0,4027.785820378126,0.02808972606442657,0,8,1,-3.5438596004324725,11.873323469709085,0.031750281650329434,0.013892492929338389,0.06865136124338476,4552.672885840738,1992.0445611378316,9843.918688688942
18,Alberta,60-64,Female,128685.0,1149.9233827009439,0.00893595510510894,0,9,0,-4.70869612106899,11.765122836675175,0.007763538150511656,0.003418924726648395,0.017189691464069134,999.0509068985924,439.9643284487487,2212.0554460537364
19,Alberta,60-64,Male,129330.0,3215.0312807389037,0.02485912998329006,0,9,1,-3.6693568538092065,11.77012255640929,0.028470888893067904,0.012198945877908684,0.061064433547025,3682.140060540472,1577.6896703899301,7897.463190636744
20,Alberta,65-69,Female,100680.0,802.0772205981565,0.007966599330533935,0,10,0,-4.824499058748353,11.519702449249252,0.0062697669658263715,0.002840155056538202,0.014998336291469037,631.240138119399,285.94681109226616,1510.0324978251026
21,Alberta,65-69,Male,97940.0,2032.4799784339689,0.020752297104696435,0,10,1,-3.8541276823732846,11.492110325256307,0.02247551144982806,0.009483044316086923,0.04802789767940366,2201.25159139616,928.7693603175533,4703.852298720794
22,Alberta,70-74,Female,76875.0,506.80328618172024,0.006592563072282539,0,11,0,-5.015198682504882,11.249936005108818,0.0046976768454207755,0.00207833697344443,0.010786750024327182,361.13390749172214,159.77215483354058,829.2314081201521
23,Alberta,70-74,Male,71070.0,1123.6757250829012,0.01581083052037289,0,11,1,-4.131122942807056,11.171420585820941,0.016067298887981318,0.006919597033527915,0.036042606827534865,1141.9029319688323,491.77576117282894,2561.5480672329027
24,Alberta,75-79,Female,52095.0,248.71094937391905,0.004774180811477475,0,12,0,-5.339747263957547,10.860824253846284,0.0031079387113022313,0.0013262606431228867,0.007115817876107344,161.90806716528974,69.09154820348678,370.6985322558121
25,Alberta,75-79,Male,46015.0,458.89015176499487,0.009972620922851132,0,12,1,-4.597889168025202,10.736722709272957,0.010088279375892717,0.0042719497120875345,0.022461941791015894,464.21217548170335,196.5737660017079,1033.5862515135964
26,Alberta,80-84,Female,37040.0,101.40599201904935,0.002737742765093125,0,13,0,-5.897880009222014,10.519753688760115,0.001428280783089545,0.0006153068934871803,0.0032553856014086195,52.903520205636745,22.79096733476516,120.57948267617526
27,Alberta,80-84,Male,29345.0,130.32437237041026,0.004441109980249114,0,13,1,-5.412399937225289,10.286877452992435,0.004237141536531924,0.001797231484243666,0.009441280723479445,124.3389183895293,52.73975790513038,277.0543828305043
28,Alberta,85+,Female,25545.0,25.71020810093036,0.001006467336110016,0,14,0,-6.900301792192414,10.148196881764898,0.0003691414600294126,0.00016356442176634634,0.0008474826528687305,9.429718596451345,4.178253154021317,21.648944367531723
29,Alberta,85+,Male,17830.0,17.759148437820855,0.000996026272452095,0,14,1,-6.910740400127376,9.788637710857186,0.0009656748458585698,0.000411688333194992,0.00216708678252233,17.2179825016583,7.340402980866707,38.63915733237314
30,British Columbia,18-19,Female,54276.0,478.43679487196175,0.00881488678001256,1,0,0,-4.722459339502512,10.901837419265844,0.009354463505937646,0.004139212877506858,0.021323270092459806,507.72286124827167,224.65991813956222,1157.3418075383483
31,British Columbia,18-19,Male,56828.0,2306.0435309090562,0.04057935403162272,1,0,1,-3.1630701926250375,10.947784440991967,0.03546683942469158,0.015868665329523076,0.07775053141031422,2015.5095508263732,901.7845133461374,4418.407198985336
32,British Columbia,20-24,Female,162685.0,1429.3586538575978,0.008786050673741266,1,1,0,-4.725765090293762,11.999571094734485,0.010259413852476156,0.004583020493091694,0.023547583461534773,1669.0527425900834,745.5886889186223,3830.8386154397845
33,British Columbia,20-24,Male,178720.0,7186.779919276452,0.040212510739013274,1,1,1,-3.1725337349821143,12.093575614303028,0.04071078881431959,0.018104254994193696,0.08809963349810047,7275.832176895197,3235.5924525622972,15745.166498780516
34,British Columbia,25-29,Female,175285.0,1530.0011711144991,0.008728648607208256,1,2,0,-4.732377753430872,12.074168499649808,0.010190468229258901,0.00450900872514742,0.02292360586328178,1786.2362235656465,790.3615943874654,4018.1642537453467
35,British Columbia,25-29,Male,185330.0,7334.407221700625,0.03957485146333904,1,2,1,-3.1891821970212564,12.129893298791355,0.03897550260113473,0.017138762049778482,0.08402415056783381,7223.329897068299,3176.326770685446,15572.19582473664
36,British Columbia,30-34,Female,181950.0,1575.828824603057,0.008660779470200919,1,3,0,-4.740252050369053,12.111487203040307,0.010318832023080657,0.00437839653258729,0.02280207407684233,1877.5114865995256,796.6492491042574,4148.8373782814615
37,British Columbia,30-34,Male,186680.0,7241.075754491525,0.038788706634302145,1,3,1,-3.210065114894321,12.137151200063752,0.03843998477433776,0.01684230264658781,0.08296857075625336,7175.976357673372,3144.1210580650127,15488.572788777377
38,British Columbia,35-39,Female,176830.0,1515.313925088416,0.00856932604811636,1,4,0,-4.7509599364532615,12.082944098049023,0.010080102120058705,0.004444663291261091,0.022907046892134394,1782.4644578899808,785.9498097936988,4050.653101936125
39,British Columbia,35-39,Male,175880.0,6667.720149211399,0.03791062172624175,1,4,1,-3.2338760257055337,12.077557223294747,0.03616317815406466,0.01591311430160281,0.07987745821120816,6360.379773736892,2798.7985433659023,14048.84735018729
40,British Columbia,40-44,Female,161130.0,1362.3529534991735,0.008454992574313744,1,5,0,-4.764507236107676,11.989966771567614,0.00957856747372021,0.004217113724749891,0.021644391127361825,1543.3945770405376,679.50353446895,3487.560742351811
41,British Columbia,40-44,Male,155110.0,5732.776784890097,0.036959427405648226,1,5,1,-3.260274787986875,11.951889821618796,0.033498136514330146,0.015569908177112103,0.07770841795772654,5195.895954737749,2415.0484573518584,12053.352709422963
42,British Columbia,45-49,Female,170595.0,1412.9427214925718,0.008282439236159159,1,6,0,-4.7853008310213845,12.047047605286654,0.009728121282701814,0.004187298629964456,0.021909547142083548,1659.568850222516,714.3322097787865,3737.6591947037427
43,British Columbia,45-49,Male,161175.0,5756.633515527105,0.03571666521189456,1,6,1,-3.295767774660496,11.99024601017882,0.03338223669653731,0.014797483871102983,0.07342170167941164,5380.381999564401,2384.9844629250233,11833.742768179172
44,British Columbia,50-54,Female,177995.0,1432.4197320375602,0.008047527919534595,1,7,0,-4.8143102414004755,12.089510738992054,0.009322313003879677,0.004031248993162008,0.020787728774203217,1659.325103125563,717.5421645378716,3700.111783164302
45,British Columbia,50-54,Male,168775.0,5730.75297408184,0.03395498725570636,1,7,1,-3.348174686933932,12.03632174591007,0.03206157188665057,0.014075990367961191,0.06971837280250119,5411.1917951694495,2375.67527435265,11766.718369742139
46,British Columbia,55-59,Female,193825.0,1494.8212744113068,0.007712221201657717,1,8,0,-4.857206925124756,12.17471096908716,0.00883173434445468,0.0039008588354424284,0.019682516049355787,1711.8109093139285,756.0839637796287,3814.9636732663853
47,British Columbia,55-59,Male,185105.0,5835.292940216657,0.03152423186956947,1,8,1,-3.424966946735488,12.128678510622475,0.030726559918133188,0.013758351411045283,0.06799900618009534,5687.639873646044,2546.7396379415372,12586.956038966548
48,British Columbia,60-64,Female,183085.0,1321.614089394238,0.007218582021433968,1,9,0,-4.923851979239713,12.117705804860025,0.008275561688445574,0.003660178606556927,0.018862159692377627,1515.131211729058,670.123800181475,3453.378507278958
49,British Columbia,60-64,Male,171830.0,4853.467911014874,0.028245754006953814,1,9,1,-3.5381597934948403,12.054260894940791,0.02829241864150631,0.012333573331611171,0.06144718150979753,4861.486295170029,2119.2779055707474,10558.469198828509
50,British Columbia,65-69,Female,158595.0,1037.2433051662413,0.006540201804383753,1,10,0,-5.023225574414944,11.974109061834737,0.007391816110985669,0.0032621008286547993,0.017131938695907123,1172.3050761217721,517.3528809205079,2717.03981747739
51,British Columbia,65-69,Male,147310.0,3505.4851804528657,0.023796654541123247,1,10,1,-3.714125905171025,11.900294488808983,0.02507480963567493,0.011038813147042305,0.055670291482318994,3693.770207431274,1626.127564690802,8200.79063826041
52,British Columbia,70-74,Female,128175.0,716.4349820000187,0.005589506393602643,1,11,0,-5.181259111255264,11.761151796651902,0.005898433615909005,0.002635424204165052,0.013601125344432878,756.0317287191367,337.79549736885554,1743.3242410226842
53,British Columbia,70-74,Male,119330.0,2187.2765057192723,0.01832964473074057,1,11,1,-3.980735885083856,11.689648043363702,0.02015032325729651,0.008955152636011677,0.045039495794870786,2404.538074293193,1068.6183640552733,5374.563033201931
54,British Columbia,75-79,Female,86970.0,365.32993923980587,0.004200643201561526,1,12,0,-5.468308131500441,11.373318510583811,0.0038474108961064984,0.001747404616733338,0.009073995825345262,334.6093256343822,151.9717795172984,789.1654169302775
55,British Columbia,75-79,Male,79535.0,957.1494527429303,0.012034317630513991,1,12,1,-4.407885591825646,11.28395245533246,0.013118572821201224,0.005651105035124394,0.029097269889098925,1043.3856893342393,449.46063896861864,2314.251360629483
56,British Columbia,80-84,Female,60030.0,150.58405398229695,0.0025084799930417618,1,13,0,-5.985566658237391,11.00259971624589,0.0017377431696229515,0.0007530491697877309,0.0038601884772214556,104.31672247246577,45.20554166235748,231.72711428760397
57,British Columbia,80-84,Male,51120.0,294.13328762663264,0.005753781056859011,1,13,1,-5.152127667349502,10.841931089051416,0.005533689115930322,0.0024360212841321696,0.012817172394172753,282.88218760635806,124.52940804483652,655.2138527901111
58,British Columbia,85+,Female,40990.0,37.82923011959871,0.0009228892441961139,1,14,0,-6.987078010746611,10.621083413498383,0.0004468828051088783,0.00019734693430446535,0.001050091689570122,18.317726181412922,8.089250837140035,43.0432583554793
59,British Columbia,85+,Male,31045.0,43.51539574485105,0.0014016877353793219,1,14,1,-6.568675572133526,10.343193043798992,0.0012549793771862818,0.0005414343589569455,0.002898925346309104,38.96083476474812,16.808829673818373,89.99713737616614
60,Manitoba,18-19,Female,17026.0,81.70669095681467,0.004798936388864952,2,0,0,-5.334550483018454,9.742496866444002,0.006792562301404121,0.0028718593526494015,0.015171149603756045,115.65016574370655,48.89627733820871,258.30399315355044
61,Manitoba,18-19,Male,18128.0,599.6920777821191,0.03308098399062881,2,0,1,-3.3751561287828,9.805212983267788,0.02634884661268333,0.01192569714632797,0.05857802521482264,477.6518913947234,216.18903786863342,1061.9024410943048
62,Manitoba,20-24,Female,45360.0,216.08890293597932,0.004763864703174147,2,1,0,-5.3419207796562915,10.722385938401633,0.006686191467385011,0.0029652364445289523,0.01554019121341202,303.2856449605841,134.50312512383329,704.9030734403692
63,Manitoba,20-24,Male,50585.0,1651.013326763691,0.03263839728701574,2,1,1,-3.3890829422162567,10.831410368639991,0.027185754150272187,0.01236451236135569,0.061738098446005106,1375.1913736915185,625.4588577991775,3123.0217098911685
64,Manitoba,25-29,Female,47505.0,223.63738873669377,0.004707660009192586,2,2,0,-5.353845531800374,10.76859024764085,0.006441239100645918,0.0028240452802828393,0.014632395202536045,305.99106347618437,134.15627103983627,695.1119340964748
65,Manitoba,25-29,Male,50930.0,1631.795181094677,0.032039960359212194,2,2,1,-3.4082069200903464,10.83820741987865,0.02524916140279698,0.01088422784817778,0.05452905076641798,1285.9397902444503,554.3337243076943,2777.1645555336677
66,Manitoba,30-34,Female,48215.0,223.95142207569393,0.00464484957120593,2,3,0,-5.367340621936319,10.783425454944485,0.006409101099553341,0.0028157459167186517,0.014563808301192518,309.0148095149643,135.76118937458978,702.1940172419972
67,Manitoba,30-34,Male,49405.0,1554.4099346347173,0.03146260367644403,2,3,1,-3.426987439028132,10.807806912629063,0.023987486705009657,0.010254406110538235,0.05063864984945031,1185.101780661002,506.6189338911415,2501.8024958120927
68,Manitoba,35-39,Female,46645.0,213.43419152505803,0.004575714257156352,2,4,0,-5.382406255775793,10.750321019395061,0.006166116486740874,0.0026693294033705737,0.013781149244289158,287.6185035240281,124.51087002022041,642.8217064998678
69,Manitoba,35-39,Male,46665.0,1427.3473428951827,0.030587106887285602,2,4,1,-3.4561120468030304,10.750749697999847,0.022518560264802923,0.009781600006656751,0.049837598966547735,1050.8286147570284,456.4583643106373,2325.67155577395
70,Manitoba,40-44,Female,42460.0,190.73597250156263,0.004492133125331197,2,5,0,-5.400925353378279,10.656317735257247,0.005860859331800196,0.0025341853674841377,0.013047235571539037,248.85208722823634,107.60151070337649,553.9856223675475
71,Manitoba,40-44,Male,43080.0,1272.9463887950064,0.0295484305662722,2,5,1,-3.4917308673508844,10.670814131270324,0.021767853374479715,0.009363819584081043,0.04829604881871131,937.7591233725861,403.3933476822113,2080.593783110083
72,Manitoba,45-49,Female,41145.0,180.4330511955814,0.004385297148999426,2,6,0,-5.42510294980549,10.624857692039813,0.005502887020701736,0.0024725399706423583,0.01272926356325394,226.41628646677293,101.73265709207983,523.7455493100833
73,Manitoba,45-49,Male,41400.0,1174.0015225017164,0.028357524698109093,2,6,1,-3.5340954966274234,10.631036159813405,0.02012612910860388,0.008757176211735076,0.04480945095873687,833.2217450962006,362.54709516583216,1855.1112696917064
74,Manitoba,50-54,Female,41420.0,174.23711512869164,0.00420659379837498,2,7,0,-5.466886566379963,10.631519134949576,0.005047478412458063,0.0021575932863838886,0.011319098914638866,209.06655584401295,89.36751392202066,468.8370770443418
75,Manitoba,50-54,Male,40550.0,1083.2264308583913,0.02671335217899855,2,7,1,-3.5955151188589176,10.61029105954356,0.018220001120859947,0.008129018540087489,0.042551309077466654,738.8210454508709,329.63170180054766,1725.4555830912727
76,Manitoba,55-59,Female,45615.0,180.50311581736486,0.0039570999850348535,2,8,0,-5.528278898988621,10.727991888779576,0.004840585158724716,0.002120602064336263,0.010919181938588027,220.80329201522792,96.73126316469863,498.0784841286928
77,Manitoba,55-59,Male,45165.0,1092.162108209805,0.024181603192954832,2,8,1,-3.6976843548279947,10.718077729583944,0.017665550018211122,0.007653027274129785,0.0390663849596246,797.8645665725053,345.6489768360717,1764.433276701445
78,Manitoba,60-64,Female,41180.0,148.9097748111822,0.003616070296531865,2,9,0,-5.618744772145798,10.62570798058178,0.004328922016140579,0.0019454721027546494,0.010238107923680908,178.26500862466904,80.11454119143646,421.60528429717976
79,Manitoba,60-64,Male,40615.0,848.7521181353538,0.020897503831967347,2,9,1,-3.847006613847535,10.611892735485053,0.015680774469138535,0.007020976972520239,0.03597829054039653,636.8746550640616,285.1569797389095,1461.258270298205
80,Manitoba,65-69,Female,35260.0,111.30821793383976,0.003156784399711848,2,10,0,-5.755039586957978,10.470504455951861,0.0038177065160463985,0.0016726501878614529,0.008762443065054392,134.61233175579602,58.97764562399483,308.9637424738179
81,Manitoba,65-69,Male,33525.0,561.6932016520104,0.016754457916540205,2,10,1,-4.072194510310939,10.42004670814988,0.013482316891369774,0.005737484200562098,0.02947662512405147,451.99467378317166,192.34915782384434,988.2038572838255
82,Manitoba,70-74,Female,28210.0,71.63915542395975,0.002539495052249548,2,11,0,-5.973247291002322,10.247431803996042,0.0030111420244234126,0.0013093562787048338,0.00691470391451104,84.94431650898447,36.93694062226336,195.06379742835645
83,Manitoba,70-74,Male,26225.0,310.7963794410914,0.011851148882405774,2,11,1,-4.4234085304425,10.174468433264497,0.010416379011888128,0.004540075241091888,0.023661484173312933,273.1695395867661,119.06347319763476,620.5224224451317
84,Manitoba,75-79,Female,19595.0,34.90132942296111,0.0017811344436315954,2,12,0,-6.328722067252771,9.883029710633732,0.002029293835383293,0.0008984839314938717,0.004759502000125069,39.76401270433563,17.605792637622415,93.26244169245072
85,Manitoba,75-79,Male,17305.0,118.45653348237681,0.006845220079883086,2,12,1,-4.977335912773595,9.758750756069444,0.0066638267141403956,0.0029284179749800607,0.01519971027205265,115.31752128819954,50.67627305702995,263.0309862578711
86,Manitoba,80-84,Female,14270.0,13.368420727269303,0.0009368199528569939,2,13,0,-6.972082187913987,9.565914710470881,0.0009579355653063149,0.0004221301141892243,0.0021907133629319947,13.669740516921115,6.023796729480231,31.261479689039565
87,Manitoba,80-84,Male,11225.0,30.513091745832032,0.0027183155230139896,2,13,1,-5.905020866673154,9.325898712610455,0.0028189434927112437,0.0012366580075709585,0.0064507702421849845,31.64264070568371,13.881486134984009,72.40989596852646
88,Manitoba,85+,Female,10405.0,2.9765371426001614,0.0002860679618068392,2,14,0,-8.158995037791355,9.250041738827735,0.00026295722669944483,0.00011085727785202699,0.0005964319976679393,2.7360699438077236,1.1534699760503409,6.205874935734908
89,Manitoba,85+,Male,6730.0,3.6876573604516576,0.0005479431441978689,2,14,1,-7.508790934542653,8.814330422638774,0.0006334039817467038,0.00027579455162070457,0.0014373484700667077,4.262808797155317,1.8560973324073418,9.673355203548944
90,New Brunswick,18-19,Female,8146.0,98.49218979636741,0.01209086543044039,3,0,0,-4.403140480058649,9.005282288208358,0.013722545429612244,0.006022865588330913,0.03141071679194296,111.78385506962134,49.062263082543616,255.87169898716735
91,New Brunswick,18-19,Male,8292.0,680.7634717323651,0.08209882678875605,3,0,1,-2.414166004042404,9.02304647355567,0.050275799684463475,0.021857915773974626,0.10544900686621986,416.8869309835711,181.2458375977976,874.3831649346951
92,New Brunswick,20-24,Female,20485.0,246.87113917268192,0.01205131262741918,3,1,0,-4.406457174801377,9.927448189980971,0.01269692791343244,0.005534550855198892,0.028544407329275087,260.0965683066635,113.3752742687493,584.7321841402002
93,New Brunswick,20-24,Male,22725.0,1844.1992772170117,0.08115288348589711,3,1,1,-2.42678492387084,10.03122091904568,0.050275699886279133,0.022363841911791044,0.10929460234204799,1142.5152799156933,508.2183074454515,2483.719838223041
94,New Brunswick,25-29,Female,21315.0,255.4345695926839,0.01198379402264527,3,2,0,-4.412143861493767,9.96716632919931,0.012146968460277014,0.005230108427036871,0.02694854654692599,258.91263273080455,111.47976112229091,574.4082696477275
95,New Brunswick,25-29,Male,22535.0,1797.5148455620829,0.07976546907308998,3,2,1,-2.445537870051988,10.02282493512475,0.04631741440536645,0.019892017133639,0.097999704980813,1043.7629336249329,448.2666061065549,2208.423351742621
96,New Brunswick,30-34,Female,21870.0,259.2374335922393,0.011853563493015059,3,3,0,-4.423202362768074,9.992871113670814,0.01224529283605493,0.005372768221278824,0.027488092546612088,267.8045543245213,117.50244099936789,601.1645839944064
97,New Brunswick,30-34,Male,22115.0,1733.8552390790378,0.07840177431964901,3,3,1,-2.4642628059512908,10.004011390302427,0.044723315004639434,0.020188472197629728,0.09757604372775955,989.0561113276011,446.46806265058143,2157.8942070394023
98,New Brunswick,35-39,Female,23495.0,275.6421562168253,0.011731949615527785,3,4,0,-4.43363811052139,10.064542911536916,0.013036408134836785,0.005604788325040297,0.028931885770442825,306.29040912799024,131.68450169682177,679.7546561765541
99,New Brunswick,35-39,Male,23055.0,1769.9810522824996,0.07677211243905875,3,4,1,-2.4870346478675183,10.045637944640806,0.045957456702339805,0.02062510617648954,0.09810644098425196,1059.5491642724442,475.51182289896633,2261.843996891929
100,New Brunswick,40-44,Female,24365.0,281.50858348095835,0.011553810116189549,3,5,0,-4.4491189422384005,10.100902955277606,0.01420376026068763,0.006119543338727869,0.03192760366857175,346.0746187516541,149.10267344810453,777.9160633847507
101,New Brunswick,40-44,Male,23910.0,1787.882035636198,0.07477549291661222,3,5,1,-2.5155462219316767,10.082052060452371,0.04973392732750253,0.022381222202142025,0.10796961530765561,1189.1382024005854,535.1350228532158,2581.5535020060456
102,New Brunswick,45-49,Female,26050.0,294.92245682335,0.011321399494178503,3,6,0,-4.469674609235423,10.167773047181512,0.014550476834310258,0.006509162054991726,0.0335455097788961,379.0399215337822,169.56367153253447,873.8605297402435
103,New Brunswick,45-49,Male,26070.0,1886.2043699783212,0.07235152934324209,3,6,1,-2.551116266872878,10.168540506927547,0.052146685741964245,0.024280277629049284,0.11435220459696874,1359.4640972930079,632.9868377893148,2981.161973842975
104,New Brunswick,50-54,Female,27970.0,306.24205322174305,0.010948947201349412,3,7,0,-4.503502645271245,10.238887786196006,0.014371217757381914,0.006124181462967801,0.03160454906629227,401.96296067397213,171.29335551920937,883.9792373841949
105,New Brunswick,50-54,Male,27960.0,1925.6152470977106,0.06887035933825861,3,7,1,-2.6041726292397707,10.238530196347746,0.05120416767527544,0.02318080031634464,0.11062029600127472,1431.6685282007013,648.1351768449961,3092.9434761956413
106,New Brunswick,55-59,Female,31970.0,330.5355580530672,0.010338928935034944,3,8,0,-4.561446252957441,10.372553242053888,0.014198054672006683,0.006125236297642881,0.03208008930872904,453.9118078640536,195.8238044356429,1025.6004552000675
107,New Brunswick,55-59,Male,31475.0,2008.717072885133,0.06381944631882869,3,8,1,-2.685750411963104,10.356948858912547,0.050412130255052715,0.022513513703722565,0.10859839110261779,1586.721799777784,708.6128438246677,3418.134359954895
108,New Brunswick,60-64,Female,31085.0,294.7970949953996,0.009483580344069474,3,9,0,-4.6486645247486305,10.344480666703438,0.013666982343261736,0.006019761205152027,0.030702471475359056,424.8381461402911,187.12427706215075,954.3863258115363
109,New Brunswick,60-64,Male,30280.0,1703.2177560850803,0.0562489351415152,3,9,1,-2.820075318801637,10.318242707551384,0.0483408313100751,0.02122242300848695,0.10257083703470642,1463.760372069074,642.6149686969849,3105.8449454109104
110,New Brunswick,65-69,Female,27810.0,229.316178785868,0.008245817288236893,3,10,0,-4.789769200475977,10.23315094722801,0.012638636758016747,0.005573052553264132,0.02926969036424872,351.4804882404457,154.98659150627552,813.9900890297569
111,New Brunswick,65-69,Male,26345.0,1185.6885731223701,0.045006208886785734,3,10,1,-3.05490438349295,10.179033782643387,0.04351937095303814,0.019199562971751932,0.09527457883887727,1146.51782775779,505.81248649080464,2510.0087795102218
112,New Brunswick,70-74,Female,22985.0,151.47136984406842,0.006590009564675589,3,11,0,-5.01558865952724,10.042597108240328,0.010347239592442714,0.004469808011762167,0.023039158271104938,237.83130203229578,102.73853715035341,529.555052861347
113,New Brunswick,70-74,Male,21660.0,683.5522395428476,0.031558275140482345,3,11,1,-3.4238524693844083,9.983222520554982,0.03541907535884603,0.015353752601966803,0.07707171007674185,767.177172272605,332.56228135860096,1669.3732402622286
114,New Brunswick,75-79,Female,15325.0,70.26043861253628,0.004584694199839235,3,12,0,-5.380436635136344,9.637240760804412,0.006679250662172415,0.0030269280574393397,0.015337496056665234,102.35951639779226,46.38767248025788,235.0471270683947
115,New Brunswick,75-79,Male,13820.0,249.4573568843445,0.018050459977159514,3,12,1,-3.9963687541754256,9.53387209732166,0.022083139762758025,0.009555509474084817,0.04892194457176336,305.1889915213159,132.05714093185216,676.1012739817696
116,New Brunswick,80-84,Female,10510.0,24.454797002795132,0.002326812274290688,3,13,0,-6.060926547252305,9.260082463870997,0.00299254090303997,0.001324420938176849,0.006907604764798096,31.451604890950087,13.919664060238683,72.59892607802799
117,New Brunswick,80-84,Male,8315.0,58.43671352957933,0.007027866930797273,3,13,1,-4.950819364280879,9.025816391627028,0.008762744357382626,0.003886378610228672,0.020088565347360927,72.86221933163654,32.315238144051406,167.03642086330612
118,New Brunswick,85+,Female,7060.0,5.015113481156287,0.0007103560171609471,3,14,0,-7.249033672543644,8.862200330487287,0.0007519679885683943,0.0003348791138114125,0.001748391210797449,5.308893999292864,2.3642465435085724,12.343641948229989
119,New Brunswick,85+,Male,4525.0,5.29051947435211,0.0011691755744424554,3,14,1,-6.750286556181222,8.417372856134026,0.0017927514118142008,0.0007788448996284885,0.004115754429747107,8.112200138459258,3.52427317081891,18.62378879460566
120,Newfoundland and Labrador,18-19,Female,5286.0,21.890692482452128,0.00414125850973366,4,0,0,-5.482605692212734,8.572817095164234,0.005340928753683897,0.0022793215143447234,0.012255670281863272,28.23214939197308,12.048493524826208,64.78347310992926
121,Newfoundland and Labrador,18-19,Male,5670.0,250.6900998863529,0.04421342149671127,4,0,1,-3.0735062471233494,8.642944396721798,0.021027136607607414,0.009037016479519143,0.045338236165097585,119.22386456513404,51.23988343887354,257.0677990561033
122,Newfoundland and Labrador,20-24,Female,13655.0,56.36389679382661,0.004127711226204805,4,1,0,-5.48589595440043,9.521861033907806,0.0050717777272162355,0.0021610982892899,0.011498565620188249,69.2551248651377,29.509797140253585,157.01291354367052
123,Newfoundland and Labrador,20-24,Male,15065.0,663.1620249939665,0.044020048124392065,4,1,1,-3.078091772653121,9.620129451564402,0.020498804344246783,0.009221862825981926,0.04678161098263755,308.8144874460778,138.92736347341773,704.7649694534347
124,Newfoundland and Labrador,25-29,Female,14010.0,57.397639155337224,0.004096905007518717,4,2,0,-5.493418146234158,9.547526639331053,0.004800951156708491,0.0020556687043101246,0.011014768096636216,67.26132570548596,28.799918547384845,154.3169010338734
125,Newfoundland and Labrador,25-29,Male,14805.0,645.8245628152325,0.04362205760319031,4,2,1,-3.0875902414048157,9.602720240535692,0.018558641000475287,0.008269655717356586,0.04251527495312508,274.76068001203663,122.43225289546426,629.4386456810167
126,Newfoundland and Labrador,30-34,Female,14485.0,58.955693407906075,0.004070120359537872,4,3,0,-5.500004281753578,9.580868910203451,0.004873937578899677,0.0021152192441687263,0.011305774890209468,70.59898583036183,30.638950751783998,163.76414928468415
127,Newfoundland and Labrador,30-34,Male,14440.0,617.2023710942555,0.04274254647467143,4,3,1,-3.108877548008637,9.577757412446818,0.017840281908160782,0.007855434754832823,0.040409875888703296,257.6136707538417,113.43247785978596,583.5186078328755
128,Newfoundland and Labrador,35-39,Female,15885.0,63.991258191284025,0.004028407818148192,4,4,0,-5.510347519724432,9.673130546703616,0.0052885593228347355,0.002298763037062157,0.011880997388173062,84.00876484322977,36.51585084373236,188.7296435111291
129,Newfoundland and Labrador,35-39,Male,14675.0,610.7361558950861,0.041617455256905356,4,4,1,-3.1367273374986366,9.593900644696298,0.018011342341904574,0.008108883257666153,0.04034353054966998,264.3164488674496,118.9978618062508,592.041310816407
130,Newfoundland and Labrador,40-44,Female,16600.0,65.69129806050672,0.003957307112078718,4,5,0,-5.528226349267178,9.717157974344635,0.005796393408366949,0.0025786530278336384,0.013243511818206382,96.22013057889136,42.805640262038395,219.84229618222594
131,Newfoundland and Labrador,40-44,Male,15520.0,627.7189754015936,0.04044581027072124,4,5,1,-3.1665057307425477,9.64988479373721,0.019931683180544012,0.008833142521747387,0.04429512302567518,309.3397229620431,137.09037193751945,687.4603093584789
132,Newfoundland and Labrador,45-49,Female,18940.0,73.30615889008592,0.003870441335273808,4,6,0,-5.550508787443669,9.84903136674007,0.006360333281041327,0.002743018193575234,0.01456816183562708,120.46471234292272,51.95276458631493,275.92098516677686
133,Newfoundland and Labrador,45-49,Male,17860.0,697.846020621593,0.03907312545473645,4,6,1,-3.202463410840599,9.79031885443049,0.021997374820800827,0.009595625780992356,0.0480288400033222,392.8731142995028,171.37787644852347,857.7950824593345
134,Newfoundland and Labrador,50-54,Female,20955.0,78.48539147965167,0.003745425506067844,4,7,0,-5.583467591513998,9.950132560359172,0.006463249909505016,0.0027928763402378324,0.014445479734199216,135.4374018536776,58.52472370968378,302.70502783014456
135,Newfoundland and Labrador,50-54,Male,20135.0,742.0830826543979,0.036855380315589666,4,7,1,-3.2632019628987705,9.910214873285554,0.022769616810362315,0.00984527666347795,0.05068021797749331,458.4662344766452,198.23464561912851,1020.4461889768278
136,Newfoundland and Labrador,55-59,Female,21760.0,76.5517183419571,0.0035180017620384694,4,8,0,-5.64633792732124,9.987828700969878,0.00583434648522738,0.0025321644076357302,0.013149345673238878,126.95537951854779,55.09989751015349,286.129761849678
137,Newfoundland and Labrador,55-59,Male,21470.0,722.8513734424498,0.03366797268013273,4,8,1,-3.356960468838249,9.974411890872826,0.02099996568601818,0.009560859473684725,0.04756076913047018,450.8692632788103,205.27165290001105,1021.1297132311947
138,Newfoundland and Labrador,60-64,Female,21530.0,68.3866028105597,0.003176340121252192,4,9,0,-5.748844254859495,9.97720259035841,0.00572674106914333,0.0024883933111500673,0.01303282284057584,123.2967352186559,53.575107989060946,280.59667575759784
139,Newfoundland and Labrador,60-64,Male,20770.0,610.415093665746,0.02938926787028146,4,9,1,-3.4972959248456386,9.941264916870159,0.0203032025147948,0.008840460311597888,0.04534339904627361,421.69751623228797,183.61636067188812,941.7823981911029
140,Newfoundland and Labrador,65-69,Female,19865.0,54.33243543771175,0.0027350835860917065,4,10,0,-5.898854451171563,9.8967146682487,0.005397834414652118,0.002402320569989368,0.012419619326660847,107.22798064706433,47.722098122838794,246.71573792411775
141,Newfoundland and Labrador,65-69,Male,19305.0,452.31903912906785,0.02343014965703537,4,10,1,-3.730022639177572,9.868119408698337,0.01942026342410721,0.008654347228313333,0.04346106442743585,374.90818540238973,167.0721732425889,839.0158487716491
142,Newfoundland and Labrador,70-74,Female,16065.0,34.439785688665225,0.0021437775094096,4,11,0,-6.143039736064887,9.68439827154996,0.004328539549130061,0.0018319161860211681,0.00955878712028496,69.53798785677444,29.429733528430067,153.56191508737788
143,Newfoundland and Labrador,70-74,Male,15430.0,251.13615744375818,0.016275836516121724,4,11,1,-4.101663950478264,9.644068945357207,0.015288883189629732,0.0064595322848954966,0.03373306938366318,235.90746761598675,99.6705831559375,520.5012605899229
144,Newfoundland and Labrador,75-79,Female,10010.0,14.535650158879685,0.0014521129029849834,4,12,0,-6.533282440485035,9.211339872309265,0.0026021230570093708,0.0011009893789964405,0.005760309975457282,26.0472518006638,11.02090368375437,57.66070285432739
145,Newfoundland and Labrador,75-79,Male,9380.0,86.48844626068701,0.009220516658921856,4,12,1,-4.677060917478047,9.14633504200027,0.009083823896428585,0.004008592688599015,0.02070783338822453,85.20626814850013,37.60059941905876,194.2394771815461
146,Newfoundland and Labrador,80-84,Female,6690.0,4.7414444153918724,0.0007087360860077537,4,13,0,-7.251318347491951,8.808369153122275,0.0011351715354178033,0.0005039234433091895,0.0026538570421307216,7.594297571945105,3.3712478357384774,17.754303611854528
147,Newfoundland and Labrador,80-84,Male,5395.0,16.22314724252579,0.003007070851255939,4,13,1,-5.803777211973177,8.593227877692234,0.0034043312526851346,0.001488494444584161,0.007733830648210849,18.3663671082363,8.030427528531549,41.72401634709753
148,Newfoundland and Labrador,85+,Female,3845.0,0.6106015648004487,0.00015880404806253542,4,14,0,-8.747680701239704,8.254528881939745,0.00024488613658961666,0.00010481399329408212,0.0005600951915906423,0.9415871951870761,0.4030098042157457,2.1535660116660194
149,Newfoundland and Labrador,85+,Male,2725.0,1.0157030378115328,0.0003727350597473515,4,14,1,-7.894269881740665,7.9102237070973445,0.0006414625315693458,0.0002770784509261615,0.0014514492347676923,1.7479853985264673,0.75503877877379,3.9551991647419618
150,Northwest Territories,18-19,Female,592.0,3.5403725027196145,0.005980358957296646,5,0,0,-5.11327637359684,6.3835066348840055,0.0076595061868488384,0.0033187348144578625,0.017238208545525293,4.534427662614513,1.9646910101590547,10.205019458950973
151,Northwest Territories,18-19,Male,536.0,12.768330755925565,0.02382151260433874,5,0,1,-3.713056382770602,6.284134161070802,0.025417550013840728,0.011428049481913727,0.057993516406372195,13.62380680741863,6.125434522305758,31.084524793815497
152,Northwest Territories,20-24,Female,1400.0,8.308714509923334,0.005934796078516667,5,1,0,-5.120970133678214,7.24422751560335,0.006672280787010754,0.002963923014670489,0.015483561920037695,9.341193101815056,4.149492220538685,21.67698668805277
153,Northwest Territories,20-24,Male,1680.0,39.30565012561794,0.02339622031286782,5,1,1,-3.7315065376451217,7.426549072397305,0.028986649175318225,0.01289502322121625,0.06492168329624218,48.69757061453462,21.6636390116433,109.06842793768686
154,Northwest Territories,25-29,Female,1770.0,10.293465355509296,0.005815517150005252,5,2,0,-5.14139307005518,7.478734825567875,0.007774243866956839,0.0033122714999819112,0.017354627853545967,13.760411644513605,5.862720554967983,30.717691300776362
155,Northwest Territories,25-29,Male,2020.0,45.85763085865294,0.022701797454778683,5,2,1,-3.7623477237559286,7.61085279039525,0.03219959713741975,0.014908704153185933,0.07297345998037377,65.0431862175879,30.115582389435584,147.40638916035502
156,Northwest Territories,30-34,Female,1805.0,10.38566143762192,0.005753829051314083,5,3,0,-5.152119277735417,7.498315870766981,0.007703214535047455,0.0032463727091323175,0.017420041945572028,13.904302235760657,5.859702739983833,31.443175711757508
157,Northwest Territories,30-34,Male,1875.0,41.40569173639824,0.02208303559274573,5,3,1,-3.790615069446564,7.536363938404511,0.029343313812186408,0.013024015440282635,0.06476093040263284,55.01871339784952,24.42002895052994,121.42674450493656
158,Northwest Territories,35-39,Female,1725.0,9.869755083384955,0.00572159714978838,5,4,0,-5.1577692623833915,7.45298232946546,0.0073810606255706734,0.0032139169489659434,0.016784572176842497,12.732329579109411,5.544006736966252,28.953387005053308
159,Northwest Territories,35-39,Male,1735.0,37.11899644594708,0.02139423426279371,5,4,1,-3.823007411906286,7.45876269238096,0.027128817066571734,0.011775487935297242,0.058507330004024416,47.06849761050196,20.430471567740714,101.51021755698237
160,Northwest Territories,40-44,Female,1630.0,9.187450436751647,0.0056364726605838324,5,5,0,-5.1728444063996815,7.396335293800808,0.007272116886547944,0.003187489345606955,0.01667099287270017,11.853550525073148,5.195607633339336,27.17371838250128
161,Northwest Territories,40-44,Male,1555.0,32.20871656654568,0.020713001007424875,5,5,1,-3.856063183711083,7.349230824613334,0.025442486122449003,0.011170368304524808,0.0562015990693431,39.5630659204082,17.369922713536077,87.39348655282852
162,Northwest Territories,45-49,Female,1550.0,8.566178256202347,0.00552656661690474,5,6,0,-5.192646626613887,7.346010209913293,0.006635486183188406,0.002841357851270902,0.015047468878502,10.285003583942029,4.404104669469898,23.3235767616781
163,Northwest Territories,45-49,Male,1505.0,29.469329229537266,0.019580949654177584,5,6,1,-3.913422945501436,7.316548177182976,0.02374153596913614,0.010436162394793972,0.052335158612945236,35.73101163354989,15.70642440416493,78.76441371248258
164,Northwest Territories,50-54,Female,1635.0,8.6569921254211,0.005294796406985382,5,7,0,-5.235721887199518,7.399398083331354,0.006437469758549487,0.0028604246716825,0.01505954568834848,10.525263055228411,4.676794338200887,24.622357200449763
165,Northwest Territories,50-54,Male,1700.0,30.735650918878825,0.018079794658164016,5,7,1,-3.994715050266439,7.438383530044307,0.024584832805075205,0.010974859665485217,0.053584538293782735,41.79421576862785,18.65726143132487,91.09371509943065
166,Northwest Territories,55-59,Female,1495.0,7.539740430343263,0.005043304635681113,5,8,0,-5.284637665063836,7.3098814858247865,0.005152177698568624,0.002160693797506728,0.011336531041963718,7.702505659360093,3.230237227272559,16.948113907735756
167,Northwest Territories,55-59,Male,1790.0,29.542097589018585,0.016503965133529936,5,8,1,-4.087512943005667,7.489970898834801,0.02255740956020203,0.01020154477374679,0.05139420615120965,40.377763112761635,18.260765145006754,91.99562901066527
168,Northwest Territories,60-64,Female,1180.0,5.3608337830701025,0.004543079477178053,5,9,0,-5.389596767306365,7.07326971745971,0.004015237478976034,0.0017593909966196427,0.009263182799165553,4.73798022519172,2.0760813760111785,10.930555703015353
169,Northwest Territories,60-64,Male,1390.0,19.383468997863723,0.013944941725081815,5,9,1,-4.25859535091964,7.237059026124737,0.01740418817426458,0.007544919622140081,0.039098293987337995,24.191821562227766,10.487438274774712,54.346628642399814
170,Northwest Territories,65-69,Female,810.0,3.1225074183575883,0.0038549474300710964,5,10,0,-5.554535511985731,6.697034247666484,0.002865534041332769,0.0012871742966324914,0.0066201050836011115,2.321082573479543,1.0426111802723181,5.3622851177169
171,Northwest Territories,65-69,Male,885.0,9.716222478866174,0.010978782461995676,5,10,1,-4.500751241872048,6.785587645007929,0.011517611695015487,0.0051635518365716485,0.026883278285451628,10.193086350088706,4.569743375365909,23.79170128262469
172,Northwest Territories,70-74,Female,435.0,1.2832355960442792,0.002949966887458113,5,11,0,-5.823007006667951,6.075346031088684,0.0015097728137051776,0.0006604507563330664,0.003468862416271479,0.6567511739617523,0.2872960790048839,1.5089551510780934
173,Northwest Territories,70-74,Male,535.0,3.9840677051558933,0.007446855523655875,5,11,1,-4.89248869126957,6.282266746896006,0.006862234781962465,0.0030595853204578817,0.015980167565742213,3.671295608349919,1.6368781464449667,8.549389647672085
174,Northwest Territories,75-79,Female,270.0,0.4517484956879906,0.0016731425766221874,5,12,0,-6.3913770946365345,5.598421958998375,0.000901454162976933,0.0003956071812331127,0.0020888125055327426,0.24339262400377193,0.10681393893294043,0.5639793764938406
175,Northwest Territories,75-79,Male,285.0,0.9704380882799741,0.003405045923789383,5,12,1,-5.679085996022687,5.652489180268651,0.003546982097498078,0.0015704307168807295,0.008285106766944616,1.0108898977869523,0.4475727543110079,2.3612554285792156
176,Northwest Territories,80-84,Female,130.0,0.0929396651280001,0.0007149205009846162,5,13,0,-7.242624032707638,4.867534450455582,0.0002828558359151352,0.00012483248649536755,0.0006448884920693851,0.03677125866896758,0.016228223244397783,0.08383550396902006
177,Northwest Territories,80-84,Male,170.0,0.2210479535672488,0.0013002820798073459,5,13,1,-6.643872925405105,5.135798437050262,0.0013723659232393489,0.0006021185457445305,0.003194173497323782,0.23330220695068932,0.10236015277657019,0.5430094945450429
178,Northwest Territories,85+,Female,65.0,0.0122807020555901,0.00018893387777830923,5,14,0,-8.573924505414265,4.174387269895637,5.31125445671174e-05,2.30523261698475e-05,0.0001245710126980644,0.003452315396862631,0.0014984012010400877,0.008097115825374188
179,Northwest Territories,85+,Male,70.0,0.0225375268030342,0.0003219646686147743,5,14,1,-8.040746726728543,4.248495242049359,0.00021240691802090728,9.359986836383651e-05,0.00048384270384828825,0.01486848426146351,0.006551990785468555,0.03386898926938018
180,Nova Scotia,18-19,Female,10080.0,73.6506011759393,0.007306607259517788,6,0,0,-4.91164280488812,9.21830854162536,0.005832464518046597,0.002562330249280055,0.013418777734491155,58.791242341909694,25.828288912742956,135.26127956367085
181,Nova Scotia,18-19,Male,10500.0,279.87165811898325,0.026654443630379356,6,0,1,-3.5977832873651896,9.259130536145614,0.022135806002419604,0.009623647476657317,0.049242756358659344,232.42596302540585,101.04829850490182,517.0489417659231
182,Nova Scotia,20-24,Female,29690.0,216.66257253558186,0.00729749318072017,6,1,0,-4.912900139568368,10.298565567757805,0.006275568957493673,0.0027024060376003318,0.014291746828308183,186.32164234798717,80.23443525635385,424.32196333247
183,Nova Scotia,20-24,Male,32045.0,846.8172316274225,0.026425877098686927,6,1,1,-3.606630239332909,10.374896443938328,0.024736950350770424,0.010967911283774454,0.05612124575913239,792.6955739904382,351.4667170885524,1798.4053203513974
184,Nova Scotia,25-29,Female,30930.0,224.93803324893236,0.0072724873342687475,6,2,0,-4.916357848403514,10.339481865679115,0.006057899780821874,0.002719684854672456,0.014075540362797763,187.37084022082055,84.11985255501907,435.3564634213348
185,Nova Scotia,25-29,Male,31630.0,822.3406119283234,0.025998754724259353,6,2,1,-3.62336394050523,10.361861316299695,0.022577251813231954,0.010187417955223198,0.05084423069091182,714.1184748525267,322.22802992370976,1608.2030167535409
186,Nova Scotia,30-34,Female,29885.0,216.12062594584393,0.007231742544615825,6,3,0,-4.922017237647024,10.305111961258355,0.005681430384553951,0.0024713055803178004,0.012758277149603111,169.78954704239482,73.85496726779746,381.28111261588896
187,Nova Scotia,30-34,Male,29330.0,751.1494129241645,0.025610276608392924,6,3,1,-3.6388176493492352,10.286366161971497,0.020603454891522006,0.008842393998158424,0.04540422401936325,604.2993319683404,259.3474159659866,1331.705890487924
188,Nova Scotia,35-39,Female,29715.0,212.555959380211,0.0071531536052569745,6,4,0,-4.933023095773851,10.299407247800762,0.005629895404141417,0.0025512293937233746,0.013482912793383978,167.2923419340622,75.80978143449008,400.6447536554049
189,Nova Scotia,35-39,Male,27830.0,700.5550864108809,0.02517265851278767,6,4,1,-3.656501943812603,10.233869854519936,0.01951858090701246,0.008609278505007934,0.04435144644983443,543.2021066421568,239.59622079437082,1234.3007546988922
190,Nova Scotia,40-44,Female,29390.0,206.7142791043062,0.007033490272347948,6,5,0,-4.950013871950641,10.288409759412962,0.005850522518563872,0.002514795323016298,0.013483363261958967,171.9468568205922,73.909834543449,396.276046268974
191,Nova Scotia,40-44,Male,27135.0,669.2763158594611,0.024664688257212495,6,5,1,-3.677408725823598,10.208579686497504,0.019887656085604156,0.008825787648159503,0.04549610353265006,539.6515478828687,239.4877478328081,1234.5367693584594
192,Nova Scotia,45-49,Female,31950.0,219.10222233929414,0.006857659541135967,6,6,0,-4.975507788875425,10.371927459805681,0.006142071159999905,0.002665440595716899,0.013610154400340814,196.23917356199695,85.16082703315492,434.84443309088897
193,Nova Scotia,45-49,Male,29830.0,713.4788323346863,0.023918164007196995,6,6,1,-3.7089082606666897,10.303269877508795,0.021042548816447848,0.009210111114533329,0.047230163245062386,627.6992311946393,274.7376145465292,1408.875769600211
194,Nova Scotia,50-54,Female,34510.0,229.29566777008193,0.006644325348307213,6,7,0,-5.007325622546593,10.449004416092048,0.0060391158150261345,0.002679645625578917,0.014042214595973943,208.4098867765519,92.47457053872841,484.59682570706076
195,Nova Scotia,50-54,Male,33095.0,751.58854293932,0.022710033024303366,6,7,1,-3.761976590937208,10.407137492553023,0.02126076342046017,0.009576730050655392,0.04893309006197193,703.6249654001293,316.94188102644017,1619.440615600961
196,Nova Scotia,55-59,Female,40190.0,252.1674667763187,0.00627438334850258,6,8,0,-5.064985919930662,10.601373487443247,0.0061240704793101,0.0027379188366982755,0.014192375946941891,246.1263925634729,110.03695804690369,570.3915893075946
197,Nova Scotia,55-59,Male,38985.0,815.507106720354,0.020918484204703193,6,8,1,-3.8459817235933467,10.570932235743701,0.021812847602373557,0.009804107898357785,0.048560161849008146,850.3738637785332,382.21314641747824,1893.1179096835826
198,Nova Scotia,60-64,Female,38460.0,218.91630325600167,0.005692051566718712,6,9,0,-5.162976226258728,10.55737401914277,0.005860490795576933,0.0024769735476270626,0.013125372246001655,225.39447599788883,95.26440264173682,504.80181658122365
199,Nova Scotia,60-64,Male,36550.0,662.1947432426668,0.018117503235093483,6,9,1,-3.9925931435696875,10.506436465177925,0.020269173566883902,0.00899573085162759,0.04617763255299313,740.8382938696067,328.7939626269884,1687.7924698118989
200,Nova Scotia,65-69,Female,33520.0,163.83700314985174,0.004887738757453811,6,10,0,-5.316125781415416,10.41989755459602,0.005202632223853656,0.002273094411792715,0.011796622808998987,174.39223214357455,76.19412468329182,395.42279655764605
201,Nova Scotia,65-69,Male,31405.0,455.040713306442,0.014489435227079827,6,10,1,-4.219740067915461,10.354722394888482,0.01801470762853899,0.007878474277133772,0.039910483031717424,565.751893074267,247.42348467338613,1253.3887196110857
202,Nova Scotia,70-74,Female,28610.0,110.60234958383735,0.0038658633199523717,6,11,0,-5.551696898120862,10.261511586044156,0.004431185275802735,0.0018837665484553482,0.009810057705108767,126.77621074071624,53.89456095130751,280.6657509431618
203,Nova Scotia,70-74,Male,26400.0,266.72793252477084,0.01010333077745344,6,11,1,-4.584735413730911,10.181119289134408,0.0150323531883315,0.006676327580802454,0.03390876608031302,396.8541241719516,176.25504813318477,895.1914245202637
204,Nova Scotia,75-79,Female,19355.0,51.29287585183302,0.0026501098347627497,6,12,0,-5.930500565170462,9.870706063011749,0.002889511054943249,0.001293997235607939,0.006659658744094238,55.92648646842659,25.04531649519166,128.89769499194398
205,Nova Scotia,75-79,Male,16565.0,91.79222047812232,0.005541335374471616,6,12,1,-5.189963019417324,9.715047314733996,0.009111579050249223,0.003928214956750721,0.020206103433377903,150.93330696737837,65.0708807585757,334.71410337390495
206,Nova Scotia,80-84,Female,13125.0,17.217659280444398,0.0013118216594624303,6,13,0,-6.635025845136649,9.482274087459825,0.0012750223027562905,0.0005577818046298718,0.002995075188667295,16.734667723676313,7.320886185767067,39.31036185125825
207,Nova Scotia,80-84,Male,10405.0,21.027400769511733,0.002020893875013141,6,13,1,-6.202192414429676,9.250041738827735,0.003728885047326716,0.0016225070906896336,0.008362530042189132,38.799048917434476,16.88218627862564,87.01212508897792
208,Nova Scotia,85+,Female,8630.0,3.051179110669545,0.0003535549375051616,6,14,0,-7.947118057051296,9.062999784077473,0.00031149881219126845,0.00013420210836039844,0.0007208501291685101,2.688234749210647,1.1581641951502386,6.220936614724242
209,Nova Scotia,85+,Male,5285.0,1.778894185181686,0.0003365930340930342,6,14,1,-7.99629932163824,8.572627898304338,0.0007122562815304714,0.0003201878139623521,0.0016748500395999282,3.7642744478885417,1.6921925967910307,8.851582459285622
210,Nunavut,18-19,Female,654.0,3.9019910438456433,0.005966347161843491,7,0,0,-5.115636187607023,6.483107351457199,0.006913050932955697,0.0030423505640651887,0.015723758059310842,4.521135310153025,1.9896972688986334,10.28333777078929
211,Nunavut,18-19,Male,652.0,15.04560428843272,0.0230760801969827,7,0,1,-3.7456121860450624,6.480044561926653,0.02519512715944385,0.011424348817221848,0.057792374402785396,16.42722290795739,7.448675428828645,37.68062811061608
212,Nunavut,20-24,Female,1500.0,8.824632415142647,0.005883088276761764,7,1,0,-5.129772975999346,7.313220387090301,0.0058011139004727885,0.0026272041890919606,0.013437390413257914,8.701670850709183,3.940806283637941,20.156085619886873
213,Nunavut,20-24,Male,1585.0,35.07534131521056,0.022129552880259026,7,1,1,-3.7884632444796122,7.368339686311381,0.022522465560574603,0.009875760323759374,0.05101141107081511,35.698107913510746,15.653080113158609,80.85308654724194
214,Nunavut,25-29,Female,1615.0,9.257842881177158,0.0057324104527412744,7,2,0,-5.155870260553879,7.387090235656757,0.005777248265983797,0.0025282282619434803,0.013217392265252098,9.330255949563833,4.083088643038721,21.346088508382138
215,Nunavut,25-29,Male,1620.0,32.764791278111986,0.020225179801303696,7,2,1,-3.8803944169976368,7.3901814282264295,0.021325818466852112,0.00949961340445972,0.04730539771939596,34.547825916300425,15.389373715224746,76.63474430542145
216,Nunavut,30-34,Female,1520.0,8.300729418565185,0.0054610061964244635,7,3,0,-5.204646249143104,7.326465613840322,0.005287808116350759,0.002280350454828097,0.011864482465414126,8.037468336853154,3.4661326913387076,18.03401334742947
217,Nunavut,30-34,Male,1580.0,29.405602938146885,0.018611141100092966,7,3,1,-3.965208386063504,7.365180126021013,0.020287802575500686,0.009128801850425527,0.04659232734524052,32.05472806929108,14.423506923672333,73.61587720548002
218,Nunavut,35-39,Female,1315.0,6.857084568075416,0.0052145129795250315,7,4,0,-5.251081427283612,7.181591944611865,0.004560778208807175,0.002055066401062924,0.010895654506686378,5.997423344581436,2.7024123173977452,14.327785676292587
219,Nunavut,35-39,Male,1355.0,24.114368240100852,0.0177965817270117,7,4,1,-4.0107920327719215,7.2115567333138015,0.01730834896735984,0.0077151160666410565,0.03955782182672554,23.45281285077258,10.453982270298631,53.60084857521311
220,Nunavut,40-44,Female,1065.0,5.47375781208438,0.005139678696792846,7,5,0,-5.265611779542889,6.970730078143525,0.0038668666774727446,0.001676713499481458,0.008918554032993827,4.118213011508473,1.7856998769477528,9.498260045138425
221,Nunavut,40-44,Male,1135.0,19.275757413642733,0.01698304617942091,7,5,1,-4.05841080414374,7.034387929915503,0.01527400014332504,0.006603895204208223,0.03356002814951108,17.33599016267392,7.495421056776332,38.09063194969508
222,Nunavut,45-49,Female,1060.0,5.306933555217712,0.00500654108982803,7,6,0,-5.291990887749196,6.966024187106113,0.003713955991798838,0.0016172260155324536,0.00851864326610707,3.9367933513067683,1.7142595764644009,9.029761862073494
223,Nunavut,45-49,Male,1135.0,17.64987795976008,0.015550553268511083,7,6,1,-4.147986329619103,7.034387929915503,0.014692167281249082,0.006519433569081519,0.03374731634157368,16.67560986421771,7.399557100907524,38.30320404768612
224,Nunavut,50-54,Female,1035.0,4.776225452622847,0.004614710582244296,7,7,0,-5.373880734169739,6.942156705699469,0.0033363924346354406,0.001483251138845999,0.007822458233022607,3.453166169847681,1.535164928705609,8.0962442711784
225,Nunavut,50-54,Male,1190.0,16.471120123292646,0.013841277414531636,7,7,1,-4.266162073232267,7.081708586105575,0.014139637241593717,0.006307125332121111,0.03251505175681075,16.826168317496524,7.505479145224123,38.692911590604794
226,Nunavut,55-59,Female,845.0,3.5328042596549105,0.004180833443378593,7,8,0,-5.473055066389006,6.739336627357174,0.0023592635193503478,0.001048446269707732,0.005439220794234264,1.9935776738510438,0.8859370979030335,4.596141571127953
227,Nunavut,55-59,Male,850.0,10.138360125053985,0.011927482500063513,7,8,1,-4.416910902118913,6.745236349484363,0.00884598243614989,0.003837932672736387,0.019979905320325706,7.519085070727406,3.262242771825929,16.982919522276852
228,Nunavut,60-64,Female,490.0,1.596090335186215,0.0032573272146657448,7,9,0,-5.72358564883151,6.194405391104672,0.0013605602417080204,0.0005933636893888601,0.0031698757062167183,0.6666745184369299,0.29074820780054145,1.553239096046192
229,Nunavut,60-64,Male,555.0,4.953030735892473,0.008924379704310762,7,9,1,-4.7100040141451345,6.318968113746434,0.005700557873275078,0.0024569151132201187,0.012602603150288568,3.1638096196676684,1.363587887837166,6.994444748410156
230,Nunavut,65-69,Female,300.0,0.6323068269438215,0.0021076894231460714,7,10,0,-6.160053077904442,5.703782474656201,0.0008609078994754548,0.00036499114599248297,0.001923161755920284,0.25827236984263646,0.1094973437977449,0.5769485267760852
231,Nunavut,65-69,Male,390.0,2.510196305629217,0.006436400783664659,7,10,1,-5.039328575900896,5.966146739123692,0.004141571870600782,0.0017601920547134422,0.00918636434792902,1.6152130295343048,0.6864749013382424,3.5826820956923178
232,Nunavut,70-74,Female,205.0,0.2540646022636309,0.001239339523237224,7,11,0,-6.691936575680671,5.3230099791384085,0.0005791486520098552,0.0002571153372355171,0.0013175475630976387,0.11872547366202031,0.05270864413328101,0.2700972504350159
233,Nunavut,70-74,Male,240.0,0.9981047364081002,0.0041587697350337505,7,11,1,-5.478368543749706,5.480638923341991,0.0025087201109927093,0.0011106642628357934,0.005920123770759928,0.6020928266382503,0.26655942308059044,1.4208297049823828
234,Nunavut,75-79,Female,110.0,0.0372354873487553,0.00033850443044323,7,12,0,-7.990634815503015,4.700480365792417,0.0002999509429167261,0.00013260474186557917,0.0006914564263728902,0.03299460372083987,0.014586521605213709,0.07606020690101793
235,Nunavut,75-79,Male,115.0,0.22824472801100198,0.0019847367653130607,7,12,1,-6.220282276604399,4.74493212836325,0.0011672340622463986,0.0005202950797121297,0.0027683163688290505,0.13423191715833585,0.05983393416689492,0.3183563824153408
236,Nunavut,80-84,Female,50.0,0.0008963252892018892,1.7926505784037784e-05,7,13,0,-10.929212243652021,3.912023005428146,8.876731344378582e-05,3.867337010134522e-05,0.00021020869238380966,0.004438365672189291,0.0019336685050672612,0.010510434619190483
237,Nunavut,80-84,Male,70.0,0.0262584691347038,0.0003751209876386257,7,13,1,-7.887886758962806,4.248495242049359,0.000460248096459881,0.00020122089246091756,0.0010697527233463012,0.03221736675219167,0.01408546247226423,0.07488269063424109
238,Nunavut,85+,Female,20.0,3.767776236027957e-06,1.8838881180139787e-07,7,14,0,-15.484757673521598,2.995732273553991,1.320818434564497e-05,5.704262992319016e-06,3.054069961309904e-05,0.0002641636869128994,0.00011408525984638031,0.0006108139922619807
239,Nunavut,85+,Male,25.0,0.0011384300019387,4.5537200077548e-05,7,14,1,-9.996935443688349,3.2188758248682006,6.174169998864653e-05,2.644951466852222e-05,0.0001406762443841479,0.0015435424997161634,0.0006612378667130556,0.003516906109603698
240,Ontario,18-19,Female,167412.0,1545.6054273555956,0.009232345514990536,8,0,0,-4.675766916359493,12.028213119056108,0.010121099038347363,0.004354869331379309,0.022819327018107814,1694.3934322078087,729.057384504873,3820.2291747554655
241,Ontario,18-19,Male,176586.0,6692.0272404179705,0.037896703251775174,8,0,1,-3.234257699114718,12.081563288811363,0.03861825841303,0.017297439385148917,0.08524103798785934,6819.443780123316,3054.4856312659067,15052.373934124129
242,Ontario,20-24,Female,491135.0,4520.200782830988,0.009203581057817073,8,1,0,-4.678916429565659,13.104474318068588,0.010844049864520908,0.004815855429716404,0.025210839179864466,5325.892430211476,2365.235156473766,12381.925500602734
243,Ontario,20-24,Male,540010.0,20336.84685484558,0.03766013009915664,8,1,1,-3.2407657055925254,13.19934293688751,0.04287778758025867,0.019838462339763743,0.09666989108676023,23154.434071215484,10712.96804809582,52202.707885761396
244,Ontario,25-29,Female,507400.0,4643.733494392352,0.009152017135183982,8,2,0,-4.684586817924591,13.137054926147318,0.010352042470928618,0.0046202671889047165,0.023253373147313718,5252.626349749181,2344.323571650253,11798.76153494698
245,Ontario,25-29,Male,538840.0,20046.363198295203,0.037202811963282616,8,2,1,-3.2534584364615653,13.197173959812504,0.03980883476090968,0.017913970701422397,0.08757530800541709,21450.59252256857,9652.763972754445,47189.078965638946
246,Ontario,30-34,Female,499145.0,4535.501059606465,0.009086540102788698,8,3,0,-4.691832995503006,13.120651913685451,0.009967830703914424,0.004471148117296999,0.023004376196448885,4975.392856705365,2231.7512270082107,11482.519356576478
247,Ontario,30-34,Male,508060.0,18619.032516965748,0.03664731039043764,8,3,1,-3.269079545962556,13.138354829822374,0.036905981507571475,0.016493536617316347,0.08232430607957238,18750.452964736764,8379.706213793743,41825.686946787544
248,Ontario,35-39,Female,487885.0,4390.485062336762,0.008999016289364834,8,4,0,-4.701600256793205,13.097835001326404,0.009774243586678538,0.004207472285202335,0.021907204943798397,4768.706832286658,2052.7626158659414,10688.19668400508
249,Ontario,35-39,Male,475890.0,17136.61456200576,0.03600961264579159,8,4,1,-3.287295402184743,13.07294201407061,0.03449511238910084,0.015001948573378488,0.07491765290241961,16415.8790348492,7139.277306585089,35652.56183973247
250,Ontario,40-44,Female,471155.0,4185.985004141903,0.008884517842624833,8,5,0,-4.714520864788722,13.062942405910121,0.009864277089615028,0.004332271550617729,0.023023968422790485,4647.603472157569,2041.171402431296,10847.857842239851
251,Ontario,40-44,Male,442270.0,15570.453311884725,0.03520576415285849,8,5,1,-3.3107050279611046,12.999675834289484,0.03353298522516374,0.014833778855183048,0.07284354712024346,14830.633375533169,6560.535374281807,32216.515584870078
252,Ontario,45-49,Female,479390.0,4183.975760127589,0.00872770762871063,8,6,0,-4.7324865119632475,13.080269741357268,0.009542677480300573,0.004119268538050964,0.02132962744981749,4574.664157281291,1974.7361444562514,10225.210103168007
253,Ontario,45-49,Male,460980.0,15737.747737317612,0.0341397625435325,8,6,1,-3.3425563800548934,13.041109937089736,0.03366907071821994,0.014631155957616661,0.07204468509957124,15520.768219685027,6744.670273342129,33211.15893720035
254,Ontario,50-54,Female,500395.0,4243.488274579595,0.00848027713022631,8,7,0,-4.761495709992335,13.123153065518578,0.009262313826800334,0.004059226971876349,0.021311744600589155,4634.815527361753,2031.2168805920658,10664.29043941181
255,Ontario,50-54,Male,491315.0,16021.706572119076,0.032609846172250136,8,7,1,-3.389987609768417,13.10484074893431,0.032831296295337146,0.014213474545987807,0.07061513748628029,16130.50833934357,6983.293246562,34694.2762740718
256,Ontario,55-59,Female,538290.0,4365.021026016439,0.00810905093168448,8,8,0,-4.806632334041187,13.196152727374821,0.008624148625561049,0.0037173285548916892,0.019609280951933625,4642.292963653257,2001.0007878126473,10555.479843616351
257,Ontario,55-59,Male,530530.0,16062.507261421673,0.03027634113324727,8,8,1,-3.4666445563117985,13.181631785861388,0.03078252053030021,0.013782126452692672,0.06830012791451448,16331.05061694017,7311.8315469470435,36235.26686248737
258,Ontario,60-64,Female,480895.0,3637.393511504075,0.00756379981389716,8,9,0,-4.876789043761073,13.083404230039735,0.007651389953675248,0.00326696151994677,0.01712436680264044,3679.5151717726585,1571.0654601348022,8235.022373555774
259,Ontario,60-64,Male,457695.0,12318.163798836233,0.026913476876164768,8,9,1,-3.587845842042752,13.033958302395916,0.026664339787299107,0.011908910265612483,0.05918404453076653,12204.134998947864,5450.648684019506,27088.24126150919
260,Ontario,65-69,Female,407625.0,2761.872160227582,0.006775522012211179,8,10,0,-4.98764028533758,12.91810291309162,0.006676747345782964,0.003014468836838923,0.015680287009156867,2721.6091368247808,1228.772859616466,6391.676992107568
261,Ontario,65-69,Male,371540.0,8321.955317214917,0.022398544752152978,8,10,1,-3.776106086679695,12.825411808945395,0.022284534079531078,0.010101949541076124,0.050906789554910015,8279.595791908976,3753.278332491423,18913.908591231266
262,Ontario,70-74,Female,340965.0,1941.162779306862,0.005693143810381892,8,11,0,-5.16278325689256,12.739535111701693,0.005507614542602145,0.002416786373208871,0.012469564129542976,1877.9037925183402,824.0395657411627,4251.684933429621
263,Ontario,70-74,Male,304340.0,5152.629705527975,0.016930504388276188,8,11,1,-4.061562826841752,12.625900776474106,0.018047399180222953,0.007788280198351141,0.04056277566655774,5492.545466509054,2370.2851955661863,12344.875146360184
264,Ontario,75-79,Female,240550.0,1024.5309403673382,0.004259118438442479,8,12,0,-5.454424865128985,12.3906832471276,0.003740507148548004,0.0015830350369798601,0.00828665642167305,899.7789945832224,380.79907814550535,1993.3552022334522
265,Ontario,75-79,Male,204120.0,2224.857975385921,0.010899754925465025,8,12,1,-4.50805538144101,12.226463335177908,0.011837950945855527,0.005201329176574144,0.026742148191862304,2416.3625470680304,1061.6953115223143,5458.607288922934
266,Ontario,80-84,Female,175285.0,441.58734890943265,0.0025192534952188303,8,13,0,-5.9812702212462145,12.074168499649808,0.0017792087702646188,0.0007907726298497909,0.004133014223574018,311.8686092958337,138.6105804232206,724.4553981791717
267,Ontario,80-84,Male,136775.0,689.9785790866792,0.005044624961335619,8,13,1,-5.284374574587863,11.826092518932027,0.005166681375202271,0.0022287780513787128,0.01162242134630771,706.6728450932907,304.84111797732345,1589.6566796412371
268,Ontario,85+,Female,121420.0,112.59188565826729,0.0009272927496151152,8,14,0,-6.982313516049713,11.707010888684424,0.00046456584618614015,0.00020789695897672879,0.0010938368195822846,56.40758504392114,25.24284875895441,132.81366663368098
269,Ontario,85+,Male,80880.0,94.47450690955978,0.0011680824296434196,8,14,1,-6.751223058571795,11.300721853694354,0.0011460328809137583,0.0004798647987198823,0.0025406374963028596,92.69113940830478,38.81146492046408,205.48676070097528
270,Prince Edward Island,18-19,Female,1804.0,26.753131598417298,0.01482989556453287,9,0,0,-4.196169207171147,7.4977617006225685,0.0169973282368988,0.007370408870341664,0.038378074619617404,30.663180139365437,13.296217602096362,69.2340466137898
271,Prince Edward Island,18-19,Male,1886.0,139.97690198,0.07421893,9,0,1,-2.523618542278075,7.542213463193403,0.06286528031019413,0.028138691022892928,0.13121536204838363,118.56391866502612,53.06957126917606,247.47217282325153
272,Prince Edward Island,20-24,Female,5160.0,76.3552983470513,0.014797538439351028,9,1,0,-4.198386319510671,8.548691858475609,0.01774638688322749,0.007788032059187226,0.0400235440896721,91.57135631745385,40.186245425406085,206.52148750270803
273,Prince Edward Island,20-24,Male,6030.0,444.18953980441466,0.07366327359940542,9,1,1,-2.5317334519163683,8.704502289721232,0.07283497166901981,0.033127364560899056,0.1527822845384509,439.19487916418944,199.7580083022213,921.277175766859
274,Prince Edward Island,25-29,Female,4675.0,68.96293160983583,0.014751429221355259,9,2,0,-4.201553991001343,8.449984441722787,0.014870407146573433,0.006544471792362574,0.033778952723934136,69.5191534102308,30.595405629295033,157.91660398439208
275,Prince Edward Island,25-29,Male,5170.0,376.09499342309056,0.07274564669692274,9,2,1,-2.5452588461687546,8.550627967502475,0.058481307840038896,0.026344305866256464,0.12557534825090677,302.3483615330011,136.20006132854593,649.224550457188
276,Prince Edward Island,30-34,Female,4505.0,66.37225531992948,0.014733020048818974,9,3,0,-4.202821413546927,8.412943170042439,0.014050056628546418,0.006208914377986303,0.032213965481711175,63.295505111601614,27.971159272828295,145.12391449510883
277,Prince Edward Island,30-34,Male,4365.0,311.8155065436231,0.07143539668811526,9,3,1,-2.564846458086359,8.381373468273702,0.04920180856181314,0.0217219030658655,0.10567343469473442,214.76589437231434,94.81610688250291,461.26454244251573
278,Prince Edward Island,35-39,Female,4815.0,70.54210143447993,0.014650488356070598,9,4,0,-4.208522742596765,8.479491324232226,0.01493645278168067,0.006708347797173906,0.03432200599154042,71.91902014379242,32.300694643392355,165.26045884926714
279,Prince Edward Island,35-39,Male,4420.0,310.3424152512611,0.07021321612019482,9,4,1,-2.5834187380839793,8.393894975071744,0.04938620410442204,0.022383691074211485,0.10718673930740522,218.28702214154544,98.93591454801476,473.7653877387311
280,Prince Edward Island,40-44,Female,4960.0,72.12378361214274,0.014541085405673941,9,5,0,-4.216129316861442,8.509161019718974,0.0160303445868311,0.006997251582139316,0.03575462155689791,79.51050915068225,34.70636784741101,177.34292292221363
281,Prince Edward Island,40-44,Male,4595.0,316.32179551803654,0.06884043428031263,9,5,1,-2.604639374472122,8.432724034789787,0.0535196951431626,0.024420601566146092,0.11602506397585938,245.92299918283214,112.2126641964413,533.1351689690738
282,Prince Edward Island,45-49,Female,5225.0,74.8703579849081,0.014329255116728822,9,6,0,-4.231019108896691,8.561210076833012,0.016309556524087745,0.006995022682106602,0.03634682425598593,85.21743283835846,36.548993514006995,189.91215673752646
283,Prince Edward Island,45-49,Male,5100.0,340.03018861668346,0.06667258600327126,9,6,1,-2.638962201341319,8.536995818712418,0.05668116344879201,0.025866640852608258,0.12343854023821944,289.0739335888392,131.91986834830212,629.5365552149192
284,Prince Edward Island,50-54,Female,5310.0,74.27874278060061,0.013988463800489757,9,7,0,-4.255435078855527,8.577347114235984,0.015163576855878887,0.006691701284412548,0.033687372815194995,80.51859310471689,35.53293382023063,178.87994964868543
285,Prince Edward Island,50-54,Male,5265.0,332.35871064495734,0.06312606090122647,9,7,1,-2.697415042662963,8.568836424568076,0.053938430825108144,0.02390128339575471,0.11552474717431024,283.98583829419437,125.84025707864855,608.2377938727434
286,Prince Edward Island,55-59,Female,6225.0,83.21642729353546,0.013368100770045858,9,8,0,-4.301425691343292,8.736328721332908,0.015414436621160307,0.006858108317420685,0.035041715821987715,95.95486796672292,42.69172427594376,218.13468099187352
287,Prince Edward Island,55-59,Male,5780.0,331.65359526734596,0.05737951475213598,9,8,1,-2.798976393183298,8.662158961666423,0.051521223969476886,0.023383235143608,0.11234225918413186,297.7926745435764,135.15509913005423,649.3382580842822
288,Prince Edward Island,60-64,Female,5790.0,71.47258335215147,0.012344142202444123,9,9,0,-4.3821526800432,8.663887570567042,0.014340100681115775,0.006589907537041319,0.03365274587473195,83.02918294366033,38.15556463946924,194.849398614698
289,Prince Edward Island,60-64,Male,5440.0,272.08462640668625,0.0500155563247585,9,9,1,-2.9441115258483155,8.601534339849989,0.04852533080200664,0.021523236662632787,0.10390588531264516,263.9777995629161,117.08640744472235,565.2480161007896
290,Prince Edward Island,65-69,Female,5175.0,57.902983878391424,0.011188982391959696,9,10,0,-4.481573649912004,8.55159461813357,0.013196758499664146,0.00585360288046284,0.029966401524671588,68.29322523576195,30.2923949063952,155.07612789017546
291,Prince Edward Island,65-69,Male,4840.0,198.7461748314363,0.04106325926269345,9,10,1,-3.150711322440605,8.484669999710677,0.04420286973946457,0.01922781171224396,0.09450319686526037,213.9418895390085,93.06260868726076,457.3954728278602
292,Prince Edward Island,70-74,Female,4440.0,42.43738907109267,0.009557970511507358,9,11,0,-4.640775922977073,8.39840965542627,0.01118493631685772,0.005006858809323096,0.025410812317196767,49.66111724684828,22.230453113394546,112.82400668835365
293,Prince Edward Island,70-74,Male,4205.0,129.1850215311046,0.03072176493010811,9,11,1,-3.4515803481889513,8.344029572407049,0.038460757350891994,0.01708083806213165,0.08368342777357028,161.72748466050083,71.8249240512636,351.88881378786306
294,Prince Edward Island,75-79,Female,2885.0,19.69118747591478,0.00682536827588034,9,12,0,-4.980260211895402,7.9672801789422,0.00698893243318466,0.0030030421964340613,0.016005123795722366,20.163070069737742,8.663776736712267,46.17478215065903
295,Prince Edward Island,75-79,Male,2450.0,45.723806362463534,0.018662778107127975,9,12,1,-3.9623850890227703,7.803843303538772,0.021927925589359264,0.00989624149405565,0.0497299185177717,53.723417693930195,24.245791660436343,121.83830036854066
296,Prince Edward Island,80-84,Female,2070.0,8.324952994255366,0.004021716422345587,9,13,0,-5.512016671472405,7.635303886259415,0.003290002300554394,0.0014537275929994266,0.0075303024201114266,6.810304762147596,3.0092161175088132,15.587726009630654
297,Prince Edward Island,80-84,Male,1490.0,10.165752430245934,0.006822652637748949,9,13,1,-4.980660899593036,7.306531398939505,0.008754608391766075,0.0038934495623484783,0.019913601361869794,13.044366503731451,5.801239847899232,29.671266029185993
298,Prince Edward Island,85+,Female,1325.0,1.647744494907805,0.0012435807508738152,9,14,0,-6.688516003811522,7.1891677384203225,0.000789297375465299,0.0003504382137962662,0.0018391401816964883,1.0458190224915211,0.4643306332800527,2.436860740747847
299,Prince Edward Island,85+,Male,845.0,0.8383819977761611,0.000992168044705516,9,14,1,-6.914625404551966,6.739336627357174,0.0018699740336423575,0.0008006919158808547,0.004223895841809055,1.5801280584277921,0.6765846689193222,3.569191986328651
300,Quebec,18-19,Female,83268.0,884.2602197031628,0.010619448283892524,10,0,0,-4.534391978161035,11.32981960068755,0.00794162665290835,0.0034873840008450858,0.018182520058202443,661.2833681343724,290.3874909823686,1514.0220802064011
301,Quebec,18-19,Male,86952.0,2425.000817168381,0.027888959623336797,10,0,1,-3.5512391389190014,11.373111521243024,0.030297021535343263,0.013456627603497508,0.0678340889298152,2634.3866165411673,1170.0806833793154,5898.309700625291
302,Quebec,20-24,Female,242705.0,2571.769620450283,0.010596277870049168,10,1,0,-4.53659966567633,12.399601993068202,0.008466039841568601,0.0036123216393590877,0.018716287892228147,2054.750199747907,876.7285234806474,4542.536652883233
303,Quebec,20-24,Male,260455.0,7219.605618261602,0.027719205307103346,10,1,1,-3.557519140834726,12.470185380531781,0.033080256525947135,0.014773102976246462,0.07330385414872087,8615.91821346556,3847.7285356782722,19092.355332305095
304,Quebec,25-29,Female,272150.0,2874.791155940023,0.010563259805034074,10,2,0,-4.539753907616992,12.514108663862347,0.008788347451617351,0.004009915013125266,0.020681306495639987,2391.748758957662,1091.298370822041,5628.417562788422
305,Quebec,25-29,Male,292410.0,8029.551196877674,0.027459906285276406,10,2,1,-3.567184314551087,12.585912205999366,0.03413820356951894,0.015435151370087465,0.07622100001435422,9982.352105763033,4513.392612127276,22287.78261419732
306,Quebec,30-34,Female,264215.0,2779.6714233946236,0.010520490598166734,10,3,0,-4.543854215766779,12.484518444629039,0.008343742259644899,0.003639330271667758,0.01901715599623846,2204.541861132077,961.5656477286966,5024.617871546145
307,Quebec,30-34,Male,274925.0,7471.769995279832,0.02717748475140432,10,3,1,-3.577812791709261,12.524253612179136,0.031672594780486424,0.01433248461687974,0.07148033709668696,8707.58812002523,3940.3583332956623,19651.731676306663
308,Quebec,35-39,Female,286415.0,2996.3444327640705,0.010461548566814135,10,4,0,-4.549532129525583,12.565197086998818,0.00899598566205476,0.003874663448055592,0.02014697771928017,2576.585233397414,1109.7617314748425,5770.39662346763
309,Quebec,35-39,Male,295650.0,7947.387441110973,0.026881066941014622,10,4,1,-3.5890841004625216,12.596931601248976,0.03352761253914549,0.014794553109787228,0.07283480749087051,9912.438647198363,4374.009626908594,21533.610834675866
310,Quebec,40-44,Female,279005.0,2892.5188989007324,0.010367265457252495,10,5,0,-4.558680609092238,12.538984981789874,0.009169020962561078,0.004149848004785466,0.021486340680084447,2558.2026936593534,1157.8283425751688,5994.7964814469615
311,Quebec,40-44,Male,288690.0,7646.853970482285,0.02648811517711831,10,5,1,-3.6042138845708576,12.573108727018557,0.03443933126066973,0.015527009413185095,0.07873834242309478,9942.290541642746,4482.492347492405,22730.972074123234
312,Quebec,45-49,Female,257440.0,2627.5941201176915,0.010206627253409305,10,6,0,-4.574458966914369,12.45854196222621,0.008122001638098297,0.0036276767572665097,0.018999757824693386,2090.9281017120256,933.9091043906902,4891.297654389065
313,Quebec,45-49,Male,265255.0,6860.67365246993,0.025864446108348305,10,6,1,-3.628681177823002,12.488446906439943,0.030432183584982807,0.013133197584851803,0.06696062991099495,8072.288856834614,3483.6463253698653,17761.641887040965
314,Quebec,50-54,Female,280525.0,2786.4046821873303,0.009932821253675539,10,7,0,-4.6019282462749365,12.544418126533067,0.008130635067082989,0.003608482329076652,0.01866559774716812,2280.8464021934556,1012.2695053642277,5236.166808024337
315,Quebec,50-54,Male,285035.0,7086.4281627733735,0.024861607040445467,10,7,1,-3.6692546748067265,12.560367258728167,0.030119530279995598,0.013249905913951403,0.06593022987785203,8585.120313358546,3776.686932183138,18792.423073233553
316,Quebec,55-59,Female,320080.0,3042.0461529681743,0.009504018223469678,10,8,0,-4.646491129296593,12.676326243531117,0.008096759681239414,0.0035046539095257537,0.01863769648763455,2591.6108387711115,1121.7696233610031,5965.553891762067
317,Quebec,55-59,Male,322420.0,7510.787359657232,0.023295041745726792,10,8,1,-3.7359440816643374,12.68361032242999,0.02955255594558002,0.012950202747912132,0.06389934801453273,9528.33508797391,4175.404369981829,20602.427786845645
318,Quebec,60-64,Female,306825.0,2719.994345789886,0.008864969757320578,10,9,0,-4.716743253548959,12.634032831465708,0.007700772670352483,0.0033746719884309774,0.017342739161587083,2362.7895745809005,1035.4337328503345,5321.185943253957
319,Quebec,60-64,Male,303635.0,6370.15940287891,0.02097966111574394,10,9,1,-3.8429989673687657,12.623581601126464,0.027662737915389445,0.012045512741891893,0.06072440501681317,8399.375426939274,3657.4392613843447,18438.05471728007
320,Quebec,65-69,Female,260465.0,2064.4737973901165,0.007926108296278258,10,10,0,-4.829635434019037,12.47022377414309,0.0067279280153395415,0.0029109215761605983,0.015404542591342591,1752.3897705154136,758.1931883346703,4012.344186054048
321,Quebec,65-69,Male,253155.0,4493.229080459338,0.01774892488972897,10,10,1,-4.013522008482018,12.441757228338695,0.023937373746126277,0.01072026725907788,0.05413003926443406,6059.865850700598,2713.8892579718604,13703.290089987806
322,Quebec,70-74,Female,220055.0,1447.049231166681,0.006575852542167554,10,11,0,-5.017753476401579,12.301632794089706,0.005594839828118417,0.002420574095939289,0.012904261798760308,1231.172478376598,532.6594326819203,2839.6473301261994
323,Quebec,70-74,Male,206355.0,2767.8993511301105,0.013413289482348916,10,11,1,-4.298005250819385,12.237353265563206,0.019221841945709372,0.008596521344630032,0.042533598813234576,3966.5231947068573,1773.9351620711302,8777.020783105021
324,Quebec,75-79,Female,157650.0,758.2846540934368,0.004809924859457258,10,12,0,-5.332252286945441,11.968132664973206,0.0038561801622405195,0.001725624582479979,0.008937387963404535,607.9268025772179,272.0447154279687,1408.9792124307248
325,Quebec,75-79,Male,139090.0,1175.8447141112053,0.008453840780151019,10,12,1,-4.764644633516104,11.842876484601176,0.01258686907262736,0.005517144616626977,0.029156336038239253,1750.7076193117393,767.3796447266462,4055.354779558698
326,Quebec,80-84,Female,108410.0,297.4727057440539,0.0027439600197772702,10,13,0,-5.895605407697667,11.593675614655337,0.0017374388183375123,0.0007445962209920813,0.003941163143080843,188.35574229596972,80.72167631775154,427.2614963413942
327,Quebec,80-84,Male,84110.0,319.58720093589625,0.0037996338239911576,10,13,1,-5.569043708230277,11.339880744956483,0.004993025725505405,0.0021600396912873124,0.011451972439353282,419.9633937722596,181.68093843417586,963.2254018740045
328,Quebec,85+,Female,78160.0,73.17774592183946,0.0009362557052435959,10,14,0,-6.97268523516691,11.266513286716664,0.0004707138617781218,0.00020404665904089124,0.0010771151525250148,36.790995436578,15.948286870636059,84.18732032135516
329,Quebec,85+,Male,49470.0,42.183917997215374,0.0008527171618600238,10,14,1,-7.06622956499451,10.809121704221754,0.0011038643863952133,0.0004849878333560377,0.0024992228116045953,54.608171194971206,23.992348116123186,123.63655249007932
330,Saskatchewan,18-19,Female,13896.0,82.60432500756852,0.00594446783301443,11,0,0,-5.11933206138347,9.53935630792094,0.004609013656629896,0.0020044705202370955,0.01051797076990709,64.04685377252903,27.85412234921468,146.15772181862891
331,Saskatchewan,18-19,Male,14752.0,187.27925813741172,0.012695177476776825,11,0,1,-4.353756634050336,9.599133945796375,0.017906893877045752,0.00807715307186363,0.040698820996554926,264.16249847417896,119.15416211613227,600.3890073411783
332,Saskatchewan,20-24,Female,35410.0,208.69433175359939,0.005893655231674651,11,1,0,-5.127967799813361,10.474749545105949,0.004279171172115108,0.0018824274838679718,0.009746073626611743,151.52545120459595,66.65675720376488,345.1084671183218
333,Saskatchewan,20-24,Male,39485.0,494.9500908790985,0.012535142228165088,11,1,1,-4.3666048310466055,10.583676131931682,0.017585399535585307,0.007580376221120266,0.03837462618090228,694.3595006625858,299.3111550909337,1515.2221147529265
334,Saskatchewan,25-29,Female,38550.0,224.79988369498653,0.005831384791050234,11,2,0,-5.138652324638507,10.559711378991475,0.004295615760170743,0.001896341285949731,0.009955335555576587,165.59598755458214,73.10395657336214,383.77818566747743
335,Saskatchewan,25-29,Male,42040.0,515.2135767478701,0.0122553181909579,11,2,1,-4.389464264312786,10.646376824990888,0.01729928880980814,0.0077374915806527455,0.0393153947015063,727.2621015643342,325.2841460506414,1652.8191932513248
336,Saskatchewan,30-34,Female,42230.0,243.50649269152674,0.0057661968432755565,11,3,0,-5.1499596561891545,10.65088614792799,0.00463424523309844,0.0019871901916686196,0.010458751968081407,195.70417619374714,83.9190417941658,441.6730956120778
337,Saskatchewan,30-34,Male,44210.0,527.383316633543,0.011929050364929722,11,3,1,-4.416777874192201,10.69670628682029,0.017762299201441848,0.007926973115403272,0.039915870670859305,785.2712476957441,350.45148143197866,1764.68064235869
338,Saskatchewan,35-39,Female,41495.0,235.41330574975203,0.0056732933064164845,11,4,0,-5.166296052240732,10.633328217032549,0.004507451625048407,0.0019631707218360182,0.01027006050659215,187.03670518138367,81.46176910258558,426.15616072104126
339,Saskatchewan,35-39,Male,42780.0,495.6439545809526,0.011585880191233114,11,4,1,-4.4463146277345365,10.663825982636396,0.017173700201763613,0.0075133482100527066,0.03872540721258357,734.6908946314473,321.4210364260548,1656.6729205543252
340,Saskatchewan,40-44,Female,36070.0,200.26969098526982,0.005552250928341276,11,5,0,-5.1879841388058985,10.493216773897585,0.004118793584877827,0.0018120985816730455,0.00939520042075499,148.56488460654322,65.36239584094675,338.88487917663247
341,Saskatchewan,40-44,Male,37640.0,422.48325297050764,0.011224315966272786,11,5,1,-4.478385001656395,10.535822593699315,0.015761308822955622,0.007034639791382205,0.036304711002730625,593.2556640960496,264.7838417476262,1366.5093221427808
342,Saskatchewan,45-49,Female,33010.0,178.69577152375842,0.005413382960428913,11,6,0,-5.213452976979012,10.40456582484724,0.0036019973267475986,0.0016034426107395408,0.00831410774342171,118.90193175593824,52.92964058051224,274.4486966103507
343,Saskatchewan,45-49,Male,33930.0,366.41323603772616,0.010799093310867262,11,6,1,-4.517435274326654,10.432054857778276,0.01380457329117221,0.0060702655874538495,0.031171952464178768,468.3891717694731,205.9641113823091,1057.6643471095856
344,Saskatchewan,50-54,Female,32985.0,172.09001343938027,0.005217220355900569,11,7,0,-5.25055964021255,10.403808191656971,0.0033054937539243453,0.0014572344117676753,0.0075382469958662456,109.03171147319453,48.06687707215677,248.6490771586481
345,Saskatchewan,50-54,Male,34680.0,352.24970057723533,0.010157142461857997,11,7,1,-4.579369051933335,10.453918430894479,0.01284257361262246,0.0055664888406386235,0.028405908701699,445.3804528857469,193.04583299334746,985.1169137749214
346,Saskatchewan,55-59,Female,38640.0,190.41978842664963,0.004928048354726957,11,8,0,-5.307872009330698,10.562043288326453,0.003385805860299053,0.0014712010635232675,0.007774409648629305,130.8275384419554,56.84720909453905,300.4031888230364
347,Saskatchewan,55-59,Male,39815.0,370.24217352656376,0.00929906250223694,11,8,1,-4.668499121410034,10.591999004691544,0.012784012121649082,0.005535353339532905,0.028583202709686235,508.9954426234582,220.3900932135026,1138.0402158861575
348,Saskatchewan,60-64,Female,36460.0,165.07291820460006,0.00452750735613275,11,9,0,-5.393045955882565,10.503971048232653,0.003155298611092407,0.0013652066452547055,0.0071747462977636515,115.04218736042917,49.77543428598656,261.5912500164627
349,Saskatchewan,60-64,Male,37285.0,302.95761130702374,0.008125455580180333,11,9,1,-4.804594833917808,10.526346379977895,0.01188920988444576,0.005327573500296352,0.02742552983495301,443.2891905415601,198.63857795854946,1022.560879896223
350,Saskatchewan,65-69,Female,29510.0,116.46446266980908,0.003946610053195835,11,10,0,-5.5309438644567654,10.292484467936985,0.0026483445981557475,0.0011666755948667883,0.006039591400545764,78.15264909157611,34.42859680451892,178.22834223010548
351,Saskatchewan,65-69,Male,29680.0,198.47050770763894,0.006687011715216945,11,10,1,-5.000878714019655,10.298228697281317,0.009808890496617605,0.004414684505650741,0.022808851733445604,291.12786993961055,131.027836127714,676.9667194486656
352,Saskatchewan,70-74,Female,22680.0,72.10939005384807,0.0031794263692172873,11,11,0,-5.747869994016147,10.029238757841688,0.001999291602546658,0.0008744207887295029,0.004542146180126547,45.3439335457582,19.831863488385128,103.01587536527008
353,Saskatchewan,70-74,Male,21680.0,105.6119650715315,0.00487140060293042,11,11,1,-5.319490480548548,9.984145455553582,0.007083134603152578,0.0030611606554939736,0.015889576208672433,153.5623581963479,66.36596301110934,344.4860122040183
354,Saskatchewan,75-79,Female,16580.0,37.71153850538037,0.0022745198133522536,11,12,0,-6.083709209449197,9.715952428689286,0.0014080356179231848,0.0006040067245836454,0.003184518845205967,23.345230545166405,10.01443149359684,52.79932245351493
355,Saskatchewan,75-79,Male,14470.0,42.212192216769445,0.002917221300398718,11,12,1,-5.834202240538203,9.57983281962553,0.004564699474724204,0.00198428384771831,0.010383293316284462,66.05120139925923,28.712587276483944,150.24625428663617
356,Saskatchewan,80-84,Female,12780.0,16.084835655028755,0.001258594339204128,11,13,0,-6.676500397539878,9.455636727931525,0.000708293000128362,0.0003050348668535816,0.0015868174977526509,9.051984541640467,3.898345598388773,20.279527621278877
357,Saskatchewan,80-84,Male,9795.0,11.465094564869496,0.0011705048049892289,11,13,1,-6.749148975586868,9.189627330378642,0.0020157012196340323,0.0009060498537583638,0.004736494292748664,19.743793446315347,8.874758317563174,46.393961597473165
358,Saskatchewan,85+,Female,9855.0,4.35060768646984,0.000441461967170963,11,14,0,-7.724977126763853,9.19573421958682,0.00020268477747102296,8.981826729086975e-05,0.00047314937095400066,1.9974584819769312,0.8851590241515214,4.662887050751676
359,Saskatchewan,85+,Male,6250.0,1.353228389710723,0.00021651654235371566,11,14,1,-8.437627065354933,8.740336742730447,0.00048160922799236964,0.0002130652541838318,0.0011230341811473178,3.0100576749523102,1.3316578386489488,7.0189636321707365
360,Yukon,18-19,Female,400.0,1.0351380221777227,0.0025878450554443068,12,0,0,-5.954338575205942,5.991464547107982,0.002496472279704263,0.0010907390433528273,0.0057776254735219445,0.9985889118817051,0.4362956173411309,2.311050189408778
361,Yukon,18-19,Male,434.0,5.531749317278837,0.012745966168845246,12,0,1,-4.349712543453163,6.073044534100405,0.00999558844236346,0.004339726845891955,0.02272509790867716,4.338085383985741,1.8834414511171085,9.862692492365888
362,Yukon,20-24,Female,1115.0,2.880939055148215,0.0025838018431822555,12,1,0,-5.95590623645711,7.016609683894219,0.002536811848418305,0.0011016340160703922,0.00568647089364519,2.82854521098641,1.2283219279184874,6.340415046414387
363,Yukon,20-24,Male,1255.0,15.720449028887902,0.01252625420628518,12,1,1,-4.367323131695854,7.134890851565884,0.010525162149422056,0.004610454753751726,0.023771527909262506,13.209078497524679,5.786120715958416,29.833267526124445
364,Yukon,25-29,Female,1400.0,3.546840897129445,0.0025334577836638892,12,2,0,-5.975633524015668,7.24422751560335,0.002933383096423913,0.0012410561450205116,0.006634723052227374,4.106736334993478,1.7374786030287162,9.288612273118323
365,Yukon,25-29,Male,1580.0,18.964551627435274,0.012002880776857768,12,2,1,-4.4105330962623475,7.365180126021013,0.01228500058818308,0.005470461247530341,0.028098609581237187,19.410300929329267,8.64332877109794,44.39580313835476
366,Yukon,30-34,Female,1755.0,4.363377801258308,0.0024862551574121416,12,3,0,-5.994488302402093,7.470224135899966,0.0036119112928054324,0.0015965283242748902,0.008321765392547914,6.338904318873534,2.801907209102432,14.60469826392159
367,Yukon,30-34,Male,1690.0,19.501771551484964,0.011539509793778085,12,3,1,-4.450371891067189,7.432483807917119,0.0128661285195078,0.005649549234840377,0.028843931633293535,21.743757197968183,9.547738206880238,48.74624446026608
368,Yukon,35-39,Female,1725.0,4.27273347431111,0.002476946941629629,12,4,0,-5.998248529470599,7.45298232946546,0.0035353702970995055,0.0015333136464140314,0.008018151139211567,6.098513762496647,2.644966040064204,13.831310715139953
369,Yukon,35-39,Male,1710.0,19.224969087404816,0.01124267198093849,12,4,1,-4.476732393513164,7.444248649496705,0.012931687365209171,0.005614952641153671,0.02878472071970633,22.11318539450768,9.601569016372778,49.22187243069782
370,Yukon,40-44,Female,1535.0,3.777275348136312,0.002460765699111604,12,5,0,-6.004818919308526,7.336285660021297,0.0032976399562423195,0.00142965789461957,0.007583898450296783,5.06187733283196,2.19452486824104,11.641284121205562
371,Yukon,40-44,Male,1395.0,15.089843402845016,0.010817092045050191,12,5,1,-4.515751776935945,7.240649694255466,0.011047635438338005,0.00466922984807006,0.024325588672675667,15.411451436481517,6.513575638057733,33.93419619838256
372,Yukon,45-49,Female,1480.0,3.552040973959108,0.0024000276851075053,12,6,0,-6.029872093865287,7.299797366758161,0.0030530083138939766,0.001315187863792224,0.006845732544364497,4.518452304563086,1.9464780384124913,10.131684165659456
373,Yukon,45-49,Male,1400.0,14.167259495231212,0.010119471068022294,12,6,1,-4.583122861512289,7.24422751560335,0.010630494849447393,0.004782638789254834,0.024507705495179707,14.88269278922635,6.695694304956767,34.31078769325159
374,Yukon,50-54,Female,1395.0,3.2438191774235805,0.0023253184067552547,12,7,0,-6.061570274019445,7.240649694255466,0.0026330061245441135,0.0011893641523986096,0.006267442176590142,3.6730435437390385,1.6591629925960605,8.743081836343247
375,Yukon,50-54,Male,1420.0,13.192422989896833,0.00929043872527946,12,7,1,-4.6694356377096655,7.258412150595307,0.009930248801890175,0.00433565526748643,0.02212326859217044,14.100953298684049,6.15663047983073,31.415041400882025
376,Yukon,55-59,Female,1660.0,3.680730511659332,0.002217307537144176,12,8,0,-6.1092418708635785,7.414572881350589,0.0027322632813102064,0.0011957612116688277,0.006348628587116897,4.535557046974943,1.984963611370254,10.538723454614049
377,Yukon,55-59,Male,1615.0,13.67376843210926,0.008466729679324618,12,8,1,-4.763108175171063,7.387090235656757,0.009792241519377692,0.004247344091408168,0.02213561601164041,15.814470053794972,6.859460707624191,35.749019858799265
378,Yukon,60-64,Female,1470.0,3.0649899001677996,0.002085027142971292,12,9,0,-6.170886201766221,7.293017679772782,0.002395391476621397,0.0010298865649606016,0.0053619375342628525,3.521225470633454,1.5139332504920844,7.882048175366394
379,Yukon,60-64,Male,1560.0,11.479637620287203,0.007358742064286669,12,9,1,-4.904480324855404,7.352441100243583,0.009413704938349837,0.0041754008383822734,0.021489959347657447,14.685379703825745,6.513625307876347,33.52433658234562
380,Yukon,65-69,Female,1055.0,1.9875761449238059,0.0018839584312073988,12,10,0,-6.272494431873393,6.961296045910167,0.0017745296668092477,0.0007456235328058349,0.003999735438799938,1.8721287984837565,0.7866328271101558,4.219720887933935
381,Yukon,65-69,Male,1145.0,6.86897664374797,0.005999106239081196,12,10,1,-5.110127607832768,7.0431599159883405,0.0071478530991405855,0.0031014386626701494,0.016050216930189466,8.18429179851597,3.551147268757321,18.37749838506694
382,Yukon,70-74,Female,655.0,0.9217235187408077,0.0014072114789935996,12,11,0,-6.56473700471411,6.484635235635252,0.0010892829750031594,0.0004814061656424839,0.002552003578129323,0.7134803486270694,0.315321038495827,1.6715623436747065
383,Yukon,70-74,Male,790.0,3.3685645903101125,0.00426400581051913,12,11,1,-5.45327310681884,6.672032945461067,0.004871630242844343,0.0021519690468119784,0.011063288381339485,3.8485878918470307,1.7000555469814629,8.739997821258193
384,Yukon,75-79,Female,360.0,0.3374446318188974,0.0009373461994969372,12,12,0,-6.971520081664788,5.886104031450156,0.0005783282384124326,0.000254876252404859,0.0013494643227325393,0.20819816582847575,0.09175545086574925,0.4858071561837142
385,Yukon,75-79,Male,425.0,0.9893356619872125,0.0023278486164404998,12,12,1,-6.0604802162613405,6.052089168924417,0.0025215444395713747,0.0010632350213179284,0.0056140480205435815,1.0716563868178342,0.45187488406011955,2.3859704087310223
386,Yukon,80-84,Female,200.0,0.0781475845454486,0.00039073792272724297,12,13,0,-7.847082682787389,5.298317366548036,0.0002085464174438642,9.131378150147654e-05,0.0004908621577359384,0.04170928348877284,0.018262756300295307,0.09817243154718767
387,Yukon,80-84,Male,235.0,0.22927635195842191,0.0009756440508869018,12,13,1,-6.93143661972992,5.459585514144159,0.000916326371057553,0.0003941721591173946,0.002079556838582295,0.21533669719852497,0.09263045739258773,0.4886958570668393
388,Yukon,85+,Female,135.0,0.0096984991360618,7.184073434119852e-05,12,14,0,-9.54098706880892,4.90527477843843,5.260765703936808e-05,2.2985103491860922e-05,0.00012058385249264183,0.0071020337003146914,0.0031029889714012243,0.01627882008650665
389,Yukon,85+,Male,80.0,0.021012843615002802,0.00026266054518753505,12,14,1,-8.244385367123162,4.382026634673881,0.0001154245086076464,4.994053211324955e-05,0.00026730357444714104,0.009233960688611712,0.003995242569059964,0.021384285955771284
