,province,age_group,sex,population,gamma_adj,rho_adj,province_cat,age_group_cat,sex_cat,logit_rho_adj,log_population,Estimated Prevalence,Lower HPDI Prevalence,Upper HPDI Prevalence,Estimated Cases,Lower HPDI Cases,Upper HPDI Cases
0,Alberta,18-19,Female,49680.0,554.6022679101761,0.011163491705116267,0,0,0,-4.483880223021134,10.81335771660736,0.01042857109011219,0.010255036502136229,0.010600319890158283,518.1498625,471.0,561.0
1,Alberta,18-19,Male,52128.0,1884.5548470334747,0.03615244872301786,0,0,1,-3.2831884561224642,10.861457511401772,0.03645475902265634,0.03590073226456702,0.03702383829019385,1900.3225125,1810.0,1987.0
2,Alberta,20-24,Female,132465.0,1471.4065313469173,0.011107889112949966,0,1,0,-4.488929649814005,11.794073738571011,0.010366941511913207,0.010241684004556,0.010493463395618494,1373.4493875,1296.0,1444.0
3,Alberta,20-24,Male,143100.0,5125.843052128501,0.03582000735240042,0,1,1,-3.29277138965413,11.871298965544542,0.03624498134920009,0.03584608030783865,0.03663052012634411,5186.6040375,5033.0,5331.0
4,Alberta,25-29,Female,155695.0,1715.9956061549726,0.011021520319566927,0,2,0,-4.49682281746751,11.955654244268562,0.01022656475738321,0.01010427930097342,0.01034751393961505,1592.2627875,1513.0,1672.0
5,Alberta,25-29,Male,164995.0,5816.403911571215,0.03525200103985705,0,2,1,-3.3093446315265687,12.013670449393269,0.03576686099437551,0.03539235713104891,0.03614725909065418,5901.40075,5741.0,6062.0
6,Alberta,30-34,Female,174475.0,1908.0277322465877,0.010935823082083896,0,3,0,-4.504715298513368,12.069536743885353,0.01007771076161697,0.009960121819482966,0.010201119253080612,1758.3162875,1672.0,1840.0
7,Alberta,30-34,Male,180665.0,6254.037618407581,0.03461676372516858,0,3,1,-3.3281870930789235,12.10439976661887,0.03525950175649094,0.034880098343583625,0.035633125293487146,6370.0140375,6199.0,6534.0
8,Alberta,35-39,Female,174365.0,1888.4577812268374,0.01083048651522288,0,4,0,-4.514500732884148,12.068906082243076,0.009898400013007642,0.009780370038275046,0.010018042858356082,1725.889825,1639.0,1806.0
9,Alberta,35-39,Male,177085.0,5998.905404438767,0.03387585286409785,0,4,1,-3.350589886975915,12.08438512227307,0.03464781729019962,0.034273200772995574,0.03501813316278119,6136.2123625,5968.0,6297.0
10,Alberta,40-44,Female,153885.0,1643.9030187026933,0.010682672246825183,0,5,0,-4.528392124729691,11.943960849189923,0.009688852160889667,0.009569492474945264,0.009808549437319323,1490.911325,1411.0,1566.0
11,Alberta,40-44,Male,156610.0,5167.321952567412,0.03299484038418627,0,5,1,-3.377852633884888,11.96151391746048,0.03393228184162584,0.03355914013130277,0.034316466119692225,5313.9217125,5161.0,5465.0
12,Alberta,45-49,Female,139325.0,1457.0732343654709,0.010458088888322059,0,6,0,-4.549866384711209,11.844564612437738,0.009416026094515088,0.009301425081482073,0.009535655935845053,1312.0030875,1236.0,1381.0
13,Alberta,45-49,Male,145575.0,4638.778559975943,0.03186521421930924,0,6,1,-3.4138563676338287,11.888446696705321,0.03299954264818195,0.032630389551997575,0.03336847176343317,4803.9828625,4657.0,4944.0
14,Alberta,50-54,Female,131860.0,1334.8730617860383,0.010123411662263297,0,7,0,-4.582729549289557,11.78949603266729,0.009015910896925905,0.00890221477800028,0.009127922794443452,1188.87615,1122.0,1259.0
15,Alberta,50-54,Male,135925.0,4121.527433594472,0.03032207050648867,0,7,1,-3.465088137997593,11.81985854201412,0.03162929011551879,0.03127192148595449,0.031985767819902935,4299.6132375,4161.0,4431.0
16,Alberta,55-59,Female,142710.0,1374.546997150487,0.009631749682226102,0,8,0,-4.633011943895103,11.868569878094437,0.008416005571663127,0.008312463312793799,0.008521700190453034,1201.1269125,1129.0,1267.0
17,Alberta,55-59,Male,143390.0,4027.785820378126,0.02808972606442657,0,8,1,-3.5438596004324725,11.873323469709085,0.02956962215792313,0.02923513895146977,0.029897446950588234,4239.792075,4106.0,4373.0
18,Alberta,60-64,Female,128685.0,1149.9233827009439,0.00893595510510894,0,9,0,-4.70869612106899,11.765122836675175,0.007554608108652688,0.007453970504420734,0.007652105617776449,972.050725,907.0,1030.0
19,Alberta,60-64,Male,129330.0,3215.0312807389037,0.02485912998329006,0,9,1,-3.6693568538092065,11.77012255640929,0.026601187297741812,0.026286539004825384,0.026922988854678837,3440.50095,3320.0,3561.0
20,Alberta,65-69,Female,100680.0,802.0772205981565,0.007966599330533935,0,10,0,-4.824499058748353,11.519702449249252,0.00638764882139667,0.006293340502222637,0.006479578982027536,643.195525,591.0,691.0
21,Alberta,65-69,Male,97940.0,2032.4799784339689,0.020752297104696435,0,10,1,-3.8541276823732846,11.492110325256307,0.02255898454222068,0.022254758676842804,0.022869574460111675,2209.6199625,2114.0,2305.0
22,Alberta,70-74,Female,76875.0,506.80328618172024,0.006592563072282539,0,11,0,-5.015198682504882,11.249936005108818,0.004929550572424105,0.004845482764104211,0.0050147872401237305,378.9147125,339.0,416.0
23,Alberta,70-74,Male,71070.0,1123.6757250829012,0.01581083052037289,0,11,1,-4.131122942807056,11.171420585820941,0.01747439865340502,0.01719409017891073,0.01776216329325965,1241.9716375,1167.0,1310.0
24,Alberta,75-79,Female,52095.0,248.71094937391905,0.004774180811477475,0,12,0,-5.339747263957547,10.860824253846284,0.0032682651040318498,0.0031910410918063294,0.003344838055865672,170.2132625,144.0,195.0
25,Alberta,75-79,Male,46015.0,458.89015176499487,0.009972620922851132,0,12,1,-4.597889168025202,10.736722709272957,0.01163485963336996,0.011361734469733119,0.011893265552871565,535.378725,487.0,580.0
26,Alberta,80-84,Female,37040.0,101.40599201904935,0.002737742765093125,0,13,0,-5.897880009222014,10.519753688760115,0.0016304637046923223,0.0015655864016372145,0.001694051666381563,60.4131375,45.0,75.0
27,Alberta,80-84,Male,29345.0,130.32437237041026,0.004441109980249114,0,13,1,-5.412399937225289,10.286877452992435,0.005828886123867246,0.005605671777306669,0.006059090325696045,170.976775,144.0,196.0
28,Alberta,85+,Female,25545.0,25.71020810093036,0.001006467336110016,0,14,0,-6.900301792192414,10.148196881764898,0.00047604814094897316,0.0004335146511474174,0.0005189226191191793,12.1655625,6.0,19.0
29,Alberta,85+,Male,17830.0,17.759148437820855,0.000996026272452095,0,14,1,-6.910740400127376,9.788637710857186,0.0017069456865990112,0.0015528550450897944,0.0018581846047164635,30.4358375,19.0,41.0
30,British Columbia,18-19,Female,54276.0,478.43679487196175,0.00881488678001256,1,0,0,-4.722459339502512,10.901837419265844,0.01090690683987101,0.010728871029503942,0.011082540358621338,591.9378125,544.0,640.0
31,British Columbia,18-19,Male,56828.0,2306.0435309090562,0.04057935403162272,1,0,1,-3.1630701926250375,10.947784440991967,0.038080924658842566,0.03749809972762813,0.03864987548319503,2163.9324875,2065.0,2255.0
32,British Columbia,20-24,Female,162685.0,1429.3586538575978,0.008786050673741266,1,1,0,-4.725765090293762,11.999571094734485,0.01084247950929566,0.010716130320472849,0.010967481942680088,1763.7871,1676.0,1845.0
33,British Columbia,20-24,Male,178720.0,7186.779919276452,0.040212510739013274,1,1,1,-3.1725337349821143,12.093575614303028,0.037862152308659656,0.03747811160884073,0.038254597720497024,6766.4678,6592.0,6937.0
34,British Columbia,25-29,Female,175285.0,1530.0011711144991,0.008728648607208256,1,2,0,-4.732377753430872,12.074168499649808,0.010695735622104558,0.01056958568578666,0.01081495743435894,1874.6293125,1786.0,1960.0
35,British Columbia,25-29,Male,185330.0,7334.407221700625,0.03957485146333904,1,2,1,-3.1891821970212564,12.129893298791355,0.037363534218653724,0.03698818330667591,0.037742999656356545,6924.331225,6746.0,7097.0
36,British Columbia,30-34,Female,181950.0,1575.828824603057,0.008660779470200919,1,3,0,-4.740252050369053,12.111487203040307,0.010540124334692773,0.010421162516774643,0.010662825031529745,1917.830425,1826.0,2002.0
37,British Columbia,30-34,Male,186680.0,7241.075754491525,0.038788706634302145,1,3,1,-3.210065114894321,12.137151200063752,0.03683438801921031,0.03646158366765545,0.03721194245365433,6875.824225,6698.0,7046.0
38,British Columbia,35-39,Female,176830.0,1515.313925088416,0.00856932604811636,1,4,0,-4.7509599364532615,12.082944098049023,0.01035267389503613,0.010230404461564016,0.010471922723408264,1830.8282875,1745.0,1916.0
39,British Columbia,35-39,Male,175880.0,6667.720149211399,0.03791062172624175,1,4,1,-3.2338760257055337,12.077557223294747,0.03619641345459915,0.03582627571851755,0.03657429900782654,6365.95665,6198.0,6531.0
40,British Columbia,40-44,Female,161130.0,1362.3529534991735,0.008454992574313744,1,5,0,-4.764507236107676,11.989966771567614,0.010133606040261957,0.010013985895265743,0.010255516639045913,1632.7980125,1550.0,1711.0
41,British Columbia,40-44,Male,155110.0,5732.776784890097,0.036959427405648226,1,5,1,-3.260274787986875,11.951889821618796,0.03545006636317206,0.0350657619365935,0.035820806936427294,5499.0666,5344.0,5653.0
42,British Columbia,45-49,Female,170595.0,1412.9427214925718,0.008282439236159159,1,6,0,-4.7853008310213845,12.047047605286654,0.009848380103009478,0.009728785934582363,0.009964826101683326,1679.9632875,1594.0,1759.0
43,British Columbia,45-49,Male,161175.0,5756.633515527105,0.03571666521189456,1,6,1,-3.295767774660496,11.99024601017882,0.034477092541563954,0.034109113703368714,0.034850011495538576,5556.52585,5398.0,5708.0
44,British Columbia,50-54,Female,177995.0,1432.4197320375602,0.008047527919534595,1,7,0,-4.8143102414004755,12.089510738992054,0.009430067236419551,0.00931583715086868,0.009541863265208072,1678.5637,1595.0,1759.0
45,British Columbia,50-54,Male,168775.0,5730.75297408184,0.03395498725570636,1,7,1,-3.348174686933932,12.03632174591007,0.03304758207653526,0.03268303543557714,0.03339626514814416,5577.3045125,5418.0,5729.0
46,British Columbia,55-59,Female,193825.0,1494.8212744113068,0.007712221201657717,1,8,0,-4.857206925124756,12.17471096908716,0.00880284786432356,0.00869839317700563,0.008907785480495475,1706.2592625,1624.0,1789.0
47,British Columbia,55-59,Male,185105.0,5835.292940216657,0.03152423186956947,1,8,1,-3.424966946735488,12.128678510622475,0.030898498358858745,0.030575280777048842,0.031233419677871216,5719.190575,5561.0,5878.0
48,British Columbia,60-64,Female,183085.0,1321.614089394238,0.007218582021433968,1,9,0,-4.923851979239713,12.117705804860025,0.007902172154233143,0.007804046849576601,0.008003377240663495,1446.4372125,1366.0,1519.0
49,British Columbia,60-64,Male,171830.0,4853.467911014874,0.028245754006953814,1,9,1,-3.5381597934948403,12.054260894940791,0.02780048313313689,0.027480776437902928,0.0281161011206445,4777.0265125,4631.0,4919.0
50,British Columbia,65-69,Female,158595.0,1037.2433051662413,0.006540201804383753,1,10,0,-5.023225574414944,11.974109061834737,0.006681884053407592,0.0065868598063954335,0.0067748948595019575,1059.749575,993.0,1123.0
51,British Columbia,65-69,Male,147310.0,3505.4851804528657,0.023796654541123247,1,10,1,-3.714125905171025,11.900294488808983,0.02358044786261608,0.02327120749738371,0.023889958328687715,3473.703425,3345.0,3591.0
52,British Columbia,70-74,Female,128175.0,716.4349820000187,0.005589506393602643,1,11,0,-5.181259111255264,11.761151796651902,0.0051569692163065586,0.005070314224998156,0.005241989440647524,660.8815,609.0,711.0
53,British Columbia,70-74,Male,119330.0,2187.2765057192723,0.01832964473074057,1,11,1,-3.980735885083856,11.689648043363702,0.0182699346599698,0.01798203804722447,0.018556295972259135,2180.23125,2083.0,2277.0
54,British Columbia,75-79,Female,86970.0,365.32993923980587,0.004200643201561526,1,12,0,-5.468308131500441,11.373318510583811,0.00341930643457584,0.003338624097394893,0.0034975530066360147,297.398075,263.0,331.0
55,British Columbia,75-79,Male,79535.0,957.1494527429303,0.012034317630513991,1,12,1,-4.407885591825646,11.28395245533246,0.012167840189006544,0.011894415057249011,0.012443739543763554,967.7454125,901.0,1030.0
56,British Columbia,80-84,Female,60030.0,150.58405398229695,0.0025084799930417618,1,13,0,-5.985566658237391,11.00259971624589,0.0017059435353312786,0.0016384666188568192,0.0017720506905982676,102.4357125,81.0,121.0
57,British Columbia,80-84,Male,51120.0,294.13328762663264,0.005753781056859011,1,13,1,-5.152127667349502,10.841931089051416,0.006097538874457771,0.005856914662745622,0.006328880312168344,311.6488625,273.0,346.0
58,British Columbia,85+,Female,40990.0,37.82923011959871,0.0009228892441961139,1,14,0,-6.987078010746611,10.621083413498383,0.0004981130206091788,0.0004544288234093117,0.0005435800962582681,20.4347375,12.0,29.0
59,British Columbia,85+,Male,31045.0,43.51539574485105,0.0014016877353793219,1,14,1,-6.568675572133526,10.343193043798992,0.001785960872146854,0.0016297165717918747,0.0019489177705021982,55.4219125,40.0,70.0
60,Manitoba,18-19,Female,17026.0,81.70669095681467,0.004798936388864952,2,0,0,-5.334550483018454,9.742496866444002,0.007964815485400385,0.00779413759805014,0.00813619414584452,135.5842,113.0,158.0
61,Manitoba,18-19,Male,18128.0,599.6920777821191,0.03308098399062881,2,0,1,-3.3751561287828,9.805212983267788,0.028016367458611274,0.027454699782294947,0.02860581838812959,507.814075,461.0,550.0
62,Manitoba,20-24,Female,45360.0,216.08890293597932,0.004763864703174147,2,1,0,-5.3419207796562915,10.722385938401633,0.007917628976157193,0.007772796718320368,0.008061122444059562,359.1654625,322.0,396.0
63,Manitoba,20-24,Male,50585.0,1651.013326763691,0.03263839728701574,2,1,1,-3.3890829422162567,10.831410368639991,0.027853737456577453,0.02736225125577483,0.028324737697592764,1408.961175,1333.0,1485.0
64,Manitoba,25-29,Female,47505.0,223.63738873669377,0.004707660009192586,2,2,0,-5.353845531800374,10.76859024764085,0.007810159780599653,0.0076676051702621205,0.007951725263445317,371.052325,331.0,407.0
65,Manitoba,25-29,Male,50930.0,1631.795181094677,0.032039960359212194,2,2,1,-3.4082069200903464,10.83820741987865,0.027483164513636155,0.0270142145064633,0.02796197249301149,1399.6559625,1322.0,1474.0
66,Manitoba,30-34,Female,48215.0,223.95142207569393,0.00464484957120593,2,3,0,-5.367340621936319,10.783425454944485,0.0076962047860720546,0.007554211861004465,0.00783419205695781,371.0012375,331.0,407.0
67,Manitoba,30-34,Male,49405.0,1554.4099346347173,0.03146260367644403,2,3,1,-3.426987439028132,10.807806912629063,0.027090010827749398,0.02662513044289141,0.027562401771712427,1338.5301875,1266.0,1414.0
68,Manitoba,35-39,Female,46645.0,213.43419152505803,0.004575714257156352,2,4,0,-5.382406255775793,10.750321019395061,0.007558945485015314,0.007418523778381652,0.0076974188847018276,352.561925,314.0,388.0
69,Manitoba,35-39,Male,46665.0,1427.3473428951827,0.030587106887285602,2,4,1,-3.4561120468030304,10.750749697999847,0.0266161461465118,0.02615616952620862,0.02708308984292412,1242.0755,1166.0,1310.0
70,Manitoba,40-44,Female,42460.0,190.73597250156263,0.004492133125331197,2,5,0,-5.400925353378279,10.656317735257247,0.0073985516960376274,0.007262400562320811,0.007536733447058808,314.13235,280.0,349.0
71,Manitoba,40-44,Male,43080.0,1272.9463887950064,0.0295484305662722,2,5,1,-3.4917308673508844,10.670814131270324,0.02606199491481354,0.025608501288170833,0.02652401784342997,1122.7008875,1051.0,1187.0
72,Manitoba,45-49,Female,41145.0,180.4330511955814,0.004385297148999426,2,6,0,-5.42510294980549,10.624857692039813,0.007189750566090342,0.007055714205515411,0.007322679323936031,295.7944875,261.0,328.0
73,Manitoba,45-49,Male,41400.0,1174.0015225017164,0.028357524698109093,2,6,1,-3.5340954966274234,10.631036159813405,0.02533992594941348,0.02488416301381552,0.025779403594785782,1049.0994125,983.0,1113.0
74,Manitoba,50-54,Female,41420.0,174.23711512869164,0.00420659379837498,2,7,0,-5.466886566379963,10.631519134949576,0.0068835779760289114,0.006754011724695744,0.007010332125764722,285.1531375,252.0,318.0
75,Manitoba,50-54,Male,40550.0,1083.2264308583913,0.02671335217899855,2,7,1,-3.5955151188589176,10.61029105954356,0.024279737781731658,0.023845733013548115,0.024706191393360496,984.6182625,919.0,1045.0
76,Manitoba,55-59,Female,45615.0,180.50311581736486,0.0039570999850348535,2,8,0,-5.528278898988621,10.727991888779576,0.006424637056763379,0.006306444261156237,0.006546205095091118,293.0787375,258.0,325.0
77,Manitoba,55-59,Male,45165.0,1092.162108209805,0.024181603192954832,2,8,1,-3.6976843548279947,10.718077729583944,0.02268746025244385,0.022291525977062476,0.02309428383845324,1024.7156375,957.0,1086.0
78,Manitoba,60-64,Female,41180.0,148.9097748111822,0.003616070296531865,2,9,0,-5.618744772145798,10.62570798058178,0.0057658731844511864,0.005656321165492169,0.005874889961410933,237.4777625,207.0,267.0
79,Manitoba,60-64,Male,40615.0,848.7521181353538,0.020897503831967347,2,9,1,-3.847006613847535,10.611892735485053,0.02039538530145876,0.02002183447424422,0.02076198735307012,828.5644625,769.0,884.0
80,Manitoba,65-69,Female,35260.0,111.30821793383976,0.003156784399711848,2,10,0,-5.755039586957978,10.470504455951861,0.004873862362856025,0.0047775989807139,0.004973489979411013,171.8573,145.0,196.0
81,Manitoba,65-69,Male,33525.0,561.6932016520104,0.016754457916540205,2,10,1,-4.072194510310939,10.42004670814988,0.01727945117280414,0.01694684027960226,0.017611843399224888,579.263625,529.0,625.0
82,Manitoba,70-74,Female,28210.0,71.63915542395975,0.002539495052249548,2,11,0,-5.973247291002322,10.247431803996042,0.0037600066512369144,0.003677765208167988,0.0038440066785643883,106.0457375,85.0,125.0
83,Manitoba,70-74,Male,26225.0,310.7963794410914,0.011851148882405774,2,11,1,-4.4234085304425,10.174468433264497,0.01336855207803868,0.013087228079076961,0.01365847358040235,350.5658625,312.0,386.0
84,Manitoba,75-79,Female,19595.0,34.90132942296111,0.0017811344436315954,2,12,0,-6.328722067252771,9.883029710633732,0.0024918770366294143,0.002423958363878782,0.002559609238225057,48.827425,34.0,61.0
85,Manitoba,75-79,Male,17305.0,118.45653348237681,0.006845220079883086,2,12,1,-4.977335912773595,9.758750756069444,0.008888681616403344,0.008648635087707576,0.009123596617325291,153.816175,127.0,176.0
86,Manitoba,80-84,Female,14270.0,13.368420727269303,0.0009368199528569939,2,13,0,-6.972082187913987,9.565914710470881,0.001242655332606801,0.0011909846112218973,0.0012943817793627716,17.721,9.0,25.0
87,Manitoba,80-84,Male,11225.0,30.513091745832032,0.0027183155230139896,2,13,1,-5.905020866673154,9.325898712610455,0.004446925689449316,0.004263614985150706,0.004630015796453311,49.87035,36.0,63.0
88,Manitoba,85+,Female,10405.0,2.9765371426001614,0.0002860679618068392,2,14,0,-8.158995037791355,9.250041738827735,0.00036272074626789397,0.00033011420728197013,0.00039588180200190456,3.769825,0.0,7.0
89,Manitoba,85+,Male,6730.0,3.6876573604516576,0.0005479431441978689,2,14,1,-7.508790934542653,8.814330422638774,0.001300974660303009,0.0011827627085222263,0.001418005696519441,8.756225,3.0,14.0
90,New Brunswick,18-19,Female,8146.0,98.49218979636741,0.01209086543044039,3,0,0,-4.403140480058649,9.005282288208358,0.02054180495115933,0.020131292952026588,0.02093563259636703,167.3122625,141.0,191.0
91,New Brunswick,18-19,Male,8292.0,680.7634717323651,0.08209882678875605,3,0,1,-2.414166004042404,9.02304647355567,0.07002111026912501,0.06875419848152035,0.0712888833192589,580.7000875,532.0,625.0
92,New Brunswick,20-24,Female,20485.0,246.87113917268192,0.01205131262741918,3,1,0,-4.406457174801377,9.927448189980971,0.02042164980712051,0.02009858521992785,0.020756436490552095,418.343175,377.0,457.0
93,New Brunswick,20-24,Male,22725.0,1844.1992772170117,0.08115288348589711,3,1,1,-2.42678492387084,10.03122091904568,0.06963221100213905,0.0686119699618603,0.07064642823006728,1582.2194625,1502.0,1659.0
94,New Brunswick,25-29,Female,21315.0,255.4345695926839,0.01198379402264527,3,2,0,-4.412143861493767,9.96716632919931,0.02014790263041917,0.019825320988253688,0.020469042516025156,429.3074625,387.0,468.0
95,New Brunswick,25-29,Male,22535.0,1797.5148455620829,0.07976546907308998,3,2,1,-2.445537870051988,10.02282493512475,0.06874510659484509,0.06774559510108215,0.06974171436779557,1549.1463375,1472.0,1627.0
96,New Brunswick,30-34,Female,21870.0,259.2374335922393,0.011853563493015059,3,3,0,-4.423202362768074,9.992871113670814,0.019857537524713406,0.019543612339556773,0.02017928120582919,434.3674375,391.0,473.0
97,New Brunswick,30-34,Male,22115.0,1733.8552390790378,0.07840177431964901,3,3,1,-2.4642628059512908,10.004011390302427,0.0678028492230093,0.0668372425205963,0.06881339325035309,1499.3835625,1420.0,1572.0
98,New Brunswick,35-39,Female,23495.0,275.6421562168253,0.011731949615527785,3,4,0,-4.43363811052139,10.064542911536916,0.019507643936301795,0.019197058731175182,0.019823857504033423,458.2477625,414.0,498.0
99,New Brunswick,35-39,Male,23055.0,1769.9810522824996,0.07677211243905875,3,4,1,-2.4870346478675183,10.045637944640806,0.06666561026778135,0.06569627676734711,0.06765250108105017,1537.02075,1456.0,1611.0
100,New Brunswick,40-44,Female,24365.0,281.50858348095835,0.011553810116189549,3,5,0,-4.4491189422384005,10.100902955277606,0.019098580310986497,0.018788417089166853,0.019408875657594214,465.30125,422.0,507.0
101,New Brunswick,40-44,Male,23910.0,1787.882035636198,0.07477549291661222,3,5,1,-2.5155462219316767,10.082052060452371,0.06533356485954483,0.06437656161430443,0.06631212488306958,1562.232775,1480.0,1637.0
102,New Brunswick,45-49,Female,26050.0,294.92245682335,0.011321399494178503,3,6,0,-4.469674609235423,10.167773047181512,0.018565756628797267,0.01825834458516509,0.018860640550472214,483.5079125,438.0,525.0
103,New Brunswick,45-49,Male,26070.0,1886.2043699783212,0.07235152934324209,3,6,1,-2.551116266872878,10.168540506927547,0.06359448611355936,0.06265103918653941,0.06454673493603125,1657.832675,1575.0,1737.0
104,New Brunswick,50-54,Female,27970.0,306.24205322174305,0.010948947201349412,3,7,0,-4.503502645271245,10.238887786196006,0.01778382174280323,0.01749723708892633,0.01807667243203469,497.55775,451.0,539.0
105,New Brunswick,50-54,Male,27960.0,1925.6152470977106,0.06887035933825861,3,7,1,-2.6041726292397707,10.238530196347746,0.06103401601269987,0.060138034651522745,0.061963019934015214,1706.45135,1623.0,1787.0
106,New Brunswick,55-59,Female,31970.0,330.5355580530672,0.010338928935034944,3,8,0,-4.561446252957441,10.372553242053888,0.016610286569229034,0.016335243614094393,0.01687449099703839,531.011675,484.0,575.0
107,New Brunswick,55-59,Male,31475.0,2008.717072885133,0.06381944631882869,3,8,1,-2.685750411963104,10.356948858912547,0.05717258472573528,0.056316115213463476,0.05801807857680707,1799.5755125,1714.0,1884.0
108,New Brunswick,60-64,Female,31085.0,294.7970949953996,0.009483580344069474,3,9,0,-4.6486645247486305,10.344480666703438,0.014922808090118048,0.014668479590357638,0.015167706559065925,463.9917,419.0,504.0
109,New Brunswick,60-64,Male,30280.0,1703.2177560850803,0.0562489351415152,3,9,1,-2.820075318801637,10.318242707551384,0.05158043495746782,0.050785701331050793,0.05237899556548314,1561.95705,1483.0,1640.0
110,New Brunswick,65-69,Female,27810.0,229.316178785868,0.008245817288236893,3,10,0,-4.789769200475977,10.23315094722801,0.012632163815089447,0.012402265398021804,0.012852556091941268,351.2412625,314.0,387.0
111,New Brunswick,65-69,Male,26345.0,1185.6885731223701,0.045006208886785734,3,10,1,-3.05490438349295,10.179033782643387,0.04391371377889727,0.043179270499270325,0.044647166715799255,1156.83365,1086.0,1222.0
112,New Brunswick,70-74,Female,22985.0,151.47136984406842,0.006590009564675589,3,11,0,-5.01558865952724,10.042597108240328,0.009762645784813916,0.009566954797481807,0.009957164235992319,224.3357,193.0,252.0
113,New Brunswick,70-74,Male,21660.0,683.5522395428476,0.031558275140482345,3,11,1,-3.4238524693844083,9.983222520554982,0.03418430606083467,0.03353083035977118,0.034829699121682926,740.376675,683.0,791.0
114,New Brunswick,75-79,Female,15325.0,70.26043861253628,0.004584694199839235,3,12,0,-5.380436635136344,9.637240760804412,0.00648319252362717,0.0063190149789123335,0.006650837182105903,99.3335375,78.0,117.0
115,New Brunswick,75-79,Male,13820.0,249.4573568843445,0.018050459977159514,3,12,1,-3.9963687541754256,9.53387209732166,0.022890798189080058,0.022312380539259873,0.023442202218533385,316.39695,278.0,349.0
116,New Brunswick,80-84,Female,10510.0,24.454797002795132,0.002326812274290688,3,13,0,-6.060926547252305,9.260082463870997,0.0032395561440509766,0.0031096562762908107,0.0033727442430212815,34.02195,23.0,45.0
117,New Brunswick,80-84,Male,8315.0,58.43671352957933,0.007027866930797273,3,13,1,-4.950819364280879,9.025816391627028,0.011533485022065455,0.011075061845259773,0.011998183591358437,95.869675,75.0,114.0
118,New Brunswick,85+,Female,7060.0,5.015113481156287,0.0007103560171609471,3,14,0,-7.249033672543644,8.862200330487287,0.0009469394870598172,0.0008609200191527077,0.0010318771257005945,6.6837875,1.0,11.0
119,New Brunswick,85+,Male,4525.0,5.29051947435211,0.0011691755744424554,3,14,1,-6.750286556181222,8.417372856134026,0.003391261540741815,0.0030873470022316314,0.0036971252309661628,15.358975,7.0,22.0
120,Newfoundland and Labrador,18-19,Female,5286.0,21.890692482452128,0.00414125850973366,4,0,0,-5.482605692212734,8.572817095164234,0.01022716019923415,0.009953315096563824,0.010501502815678606,54.0422625,40.0,68.0
121,Newfoundland and Labrador,18-19,Male,5670.0,250.6900998863529,0.04421342149671127,4,0,1,-3.0735062471233494,8.642944396721798,0.03576875873378753,0.0348506691480806,0.03668767702511948,202.8200375,175.0,230.0
122,Newfoundland and Labrador,20-24,Female,13655.0,56.36389679382661,0.004127711226204805,4,1,0,-5.48589595440043,9.521861033907806,0.010166708585650329,0.009917371654497789,0.01040951944947853,138.7864375,115.0,161.0
123,Newfoundland and Labrador,20-24,Male,15065.0,663.1620249939665,0.044020048124392065,4,1,1,-3.078091772653121,9.620129451564402,0.03556278271586535,0.03473997122591417,0.03638494846118684,535.667875,488.0,580.0
124,Newfoundland and Labrador,25-29,Female,14010.0,57.397639155337224,0.004096905007518717,4,2,0,-5.493418146234158,9.547526639331053,0.010029013939416378,0.009785337666025493,0.010270632108015477,140.4629,117.0,163.0
125,Newfoundland and Labrador,25-29,Male,14805.0,645.8245628152325,0.04362205760319031,4,2,1,-3.0875902414048157,9.602720240535692,0.03509332949631233,0.03429468174013358,0.03591231852350455,519.49925,473.0,563.0
126,Newfoundland and Labrador,30-34,Female,14485.0,58.955693407906075,0.004070120359537872,4,3,0,-5.500004281753578,9.580868910203451,0.009883009510249821,0.00964167783852631,0.010120281787423805,143.13505,118.0,165.0
127,Newfoundland and Labrador,30-34,Male,14440.0,617.2023710942555,0.04274254647467143,4,3,1,-3.108877548008637,9.577757412446818,0.03459519213724275,0.03377150526901587,0.035372539158121774,499.707325,456.0,544.0
128,Newfoundland and Labrador,35-39,Female,15885.0,63.991258191284025,0.004028407818148192,4,4,0,-5.510347519724432,9.673130546703616,0.0097071278426551,0.009471957587071356,0.009943451704575139,154.1849625,128.0,177.0
129,Newfoundland and Labrador,35-39,Male,14675.0,610.7361558950861,0.041617455256905356,4,4,1,-3.1367273374986366,9.593900644696298,0.03399462376102895,0.033209487798574584,0.03478752356870572,498.7126875,452.0,541.0
130,Newfoundland and Labrador,40-44,Female,16600.0,65.69129806050672,0.003957307112078718,4,5,0,-5.528226349267178,9.717157974344635,0.009501588575758339,0.009268795622444466,0.00973232324344733,157.7568875,132.0,181.0
131,Newfoundland and Labrador,40-44,Male,15520.0,627.7189754015936,0.04044581027072124,4,5,1,-3.1665057307425477,9.64988479373721,0.03329210885512677,0.032532454211256535,0.034086671659116274,516.6827625,471.0,561.0
132,Newfoundland and Labrador,45-49,Female,18940.0,73.30615889008592,0.003870441335273808,4,6,0,-5.550508787443669,9.84903136674007,0.009233988260699398,0.009007768042734782,0.00945708582028192,174.913475,147.0,199.0
133,Newfoundland and Labrador,45-49,Male,17860.0,697.846020621593,0.03907312545473645,4,6,1,-3.202463410840599,9.79031885443049,0.032376385476518985,0.03163023364578794,0.03314281092097053,578.24015,528.0,624.0
134,Newfoundland and Labrador,50-54,Female,20955.0,78.48539147965167,0.003745425506067844,4,7,0,-5.583467591513998,9.950132560359172,0.008841535962470915,0.008623196132067369,0.009055610788947031,185.19595,159.0,212.0
135,Newfoundland and Labrador,50-54,Male,20135.0,742.0830826543979,0.036855380315589666,4,7,1,-3.2632019628987705,9.910214873285554,0.031031170445124764,0.03031708030086432,0.031772367385492384,624.8119375,575.0,675.0
136,Newfoundland and Labrador,55-59,Female,21760.0,76.5517183419571,0.0035180017620384694,4,8,0,-5.64633792732124,9.987828700969878,0.008253133066666373,0.008057046209497312,0.008456835976306195,179.54705,154.0,206.0
137,Newfoundland and Labrador,55-59,Male,21470.0,722.8513734424498,0.03366797268013273,4,8,1,-3.356960468838249,9.974411890872826,0.029009277590651927,0.02834174492768945,0.02968927562793805,622.8142375,569.0,670.0
138,Newfoundland and Labrador,60-64,Female,21530.0,68.3866028105597,0.003176340121252192,4,9,0,-5.748844254859495,9.97720259035841,0.007408283335618313,0.007229335571369808,0.007595631447941601,159.472925,135.0,184.0
139,Newfoundland and Labrador,60-64,Male,20770.0,610.415093665746,0.02938926787028146,4,9,1,-3.4972959248456386,9.941264916870159,0.026095594454178455,0.025492414417208495,0.026732810805290802,541.964275,492.0,586.0
140,Newfoundland and Labrador,65-69,Female,19865.0,54.33243543771175,0.0027350835860917065,4,10,0,-5.898854451171563,9.8967146682487,0.00626378169229342,0.006103159346724287,0.006421674376560413,124.4919875,101.0,145.0
141,Newfoundland and Labrador,65-69,Male,19305.0,452.31903912906785,0.02343014965703537,4,10,1,-3.730022639177572,9.868119408698337,0.022128471797008574,0.02158652415358702,0.022679386000527005,427.1720875,383.0,466.0
142,Newfoundland and Labrador,70-74,Female,16065.0,34.439785688665225,0.0021437775094096,4,11,0,-6.143039736064887,9.68439827154996,0.004833820910768915,0.004701552541994901,0.004962159090511091,77.6061625,60.0,94.0
143,Newfoundland and Labrador,70-74,Male,15430.0,251.13615744375818,0.016275836516121724,4,11,1,-4.101663950478264,9.644068945357207,0.01713922522451734,0.016686788634944796,0.017584336024698503,264.467775,231.0,295.0
144,Newfoundland and Labrador,75-79,Female,10010.0,14.535650158879685,0.0014521129029849834,4,12,0,-6.533282440485035,9.211339872309265,0.0032046912672062723,0.0031047718026628104,0.003305725438203006,32.0732875,20.0,42.0
145,Newfoundland and Labrador,75-79,Male,9380.0,86.48844626068701,0.009220516658921856,4,12,1,-4.677060917478047,9.14633504200027,0.011410392128723473,0.011063318401840097,0.011765173508621855,107.010075,86.0,126.0
146,Newfoundland and Labrador,80-84,Female,6690.0,4.7414444153918724,0.0007087360860077537,4,13,0,-7.251318347491951,8.808369153122275,0.0015986992367540513,0.0015285012622019978,0.0016710878575036754,10.695,5.0,17.0
147,Newfoundland and Labrador,80-84,Male,5395.0,16.22314724252579,0.003007070851255939,4,13,1,-5.803777211973177,8.593227877692234,0.005715793993587238,0.005471490130433684,0.005977460741815223,30.797875,20.0,41.0
148,Newfoundland and Labrador,85+,Female,3845.0,0.6106015648004487,0.00015880404806253542,4,14,0,-8.747680701239704,8.254528881939745,0.0004667645224645602,0.0004242765072355133,0.0005102610573748065,1.796,0.0,4.0
149,Newfoundland and Labrador,85+,Male,2725.0,1.0157030378115328,0.0003727350597473515,4,14,1,-7.894269881740665,7.9102237070973445,0.001673697718624625,0.0015223250170369044,0.0018294628766723667,4.5608125,0.0,8.0
150,Northwest Territories,18-19,Female,592.0,3.5403725027196145,0.005980358957296646,5,0,0,-5.11327637359684,6.3835066348840055,0.005952436558703921,0.005381841381410932,0.006540094898645429,3.5294,0.0,7.0
151,Northwest Territories,18-19,Male,536.0,12.768330755925565,0.02382151260433874,5,0,1,-3.713056382770602,6.284134161070802,0.021044543425382554,0.01903432898577315,0.023062012952513384,11.279975,4.0,17.0
152,Northwest Territories,20-24,Female,1400.0,8.308714509923334,0.005934796078516667,5,1,0,-5.120970133678214,7.24422751560335,0.005917102482193399,0.005362583315756584,0.00650943086536622,8.2890625,2.0,13.0
153,Northwest Territories,20-24,Male,1680.0,39.30565012561794,0.02339622031286782,5,1,1,-3.7315065376451217,7.426549072397305,0.020921518502592794,0.018959971178351614,0.022960155377156604,35.158725,24.0,47.0
154,Northwest Territories,25-29,Female,1770.0,10.293465355509296,0.005815517150005252,5,2,0,-5.14139307005518,7.478734825567875,0.005836625960397387,0.0052732682344710175,0.0064048741515148186,10.3280875,4.0,16.0
155,Northwest Territories,25-29,Male,2020.0,45.85763085865294,0.022701797454778683,5,2,1,-3.7623477237559286,7.61085279039525,0.0206412196621518,0.018708140473023747,0.022652089458082978,41.671375,28.0,54.0
156,Northwest Territories,30-34,Female,1805.0,10.38566143762192,0.005753829051314083,5,3,0,-5.152119277735417,7.498315870766981,0.0057513002582338605,0.005198194177481183,0.006314439201635153,10.388075,4.0,16.0
157,Northwest Territories,30-34,Male,1875.0,41.40569173639824,0.02208303559274573,5,3,1,-3.790615069446564,7.536363938404511,0.020343908474446153,0.01843553131602347,0.022326693606288733,38.1658125,26.0,50.0
158,Northwest Territories,35-39,Female,1725.0,9.869755083384955,0.00572159714978838,5,4,0,-5.1577692623833915,7.45298232946546,0.00564852354041066,0.005099257295525887,0.006192650568159738,9.7401,3.0,15.0
159,Northwest Territories,35-39,Male,1735.0,37.11899644594708,0.02139423426279371,5,4,1,-3.823007411906286,7.45876269238096,0.019985613503435678,0.018055173270745475,0.021865412340419856,34.6678375,23.0,46.0
160,Northwest Territories,40-44,Female,1630.0,9.187450436751647,0.0056364726605838324,5,5,0,-5.1728444063996815,7.396335293800808,0.005528446415685009,0.005000376169743269,0.006071282296204629,9.021725,3.0,14.0
161,Northwest Territories,40-44,Male,1555.0,32.20871656654568,0.020713001007424875,5,5,1,-3.856063183711083,7.349230824613334,0.01956676685090622,0.017695437454930994,0.0214376145786796,30.44485,19.0,41.0
162,Northwest Territories,45-49,Female,1550.0,8.566178256202347,0.00552656661690474,5,6,0,-5.192646626613887,7.346010209913293,0.005372134379217637,0.004852871670611448,0.005894838119642745,8.312975,2.0,13.0
163,Northwest Territories,45-49,Male,1505.0,29.469329229537266,0.019580949654177584,5,6,1,-3.913422945501436,7.316548177182976,0.019021145782252183,0.01719578062688047,0.020838544695583047,28.606225,18.0,39.0
164,Northwest Territories,50-54,Female,1635.0,8.6569921254211,0.005294796406985382,5,7,0,-5.235721887199518,7.399398083331354,0.0051429672702183555,0.004655748781970807,0.005653129056871342,8.402875,3.0,14.0
165,Northwest Territories,50-54,Male,1700.0,30.735650918878825,0.018079794658164016,5,7,1,-3.994715050266439,7.438383530044307,0.018220422775247245,0.016508973292793997,0.020000578234174466,30.9686375,19.0,41.0
166,Northwest Territories,55-59,Female,1495.0,7.539740430343263,0.005043304635681113,5,8,0,-5.284637665063836,7.3098814858247865,0.004799518409994768,0.0043383507780883485,0.005270391152312531,7.1819375,2.0,12.0
167,Northwest Territories,55-59,Male,1790.0,29.542097589018585,0.016503965133529936,5,8,1,-4.087512943005667,7.489970898834801,0.017018632283555348,0.015403285132980117,0.018669963142731883,30.4446625,19.0,41.0
168,Northwest Territories,60-64,Female,1180.0,5.3608337830701025,0.004543079477178053,5,9,0,-5.389596767306365,7.07326971745971,0.004306673169948101,0.003892306657403534,0.00472917989842835,5.0773875,1.0,9.0
169,Northwest Territories,60-64,Male,1390.0,19.383468997863723,0.013944941725081815,5,9,1,-4.25859535091964,7.237059026124737,0.01529037407429557,0.013811435616793127,0.016748637042166278,21.2376125,12.0,30.0
170,Northwest Territories,65-69,Female,810.0,3.1225074183575883,0.0038549474300710964,5,10,0,-5.554535511985731,6.697034247666484,0.0036395926535900116,0.003288252369289525,0.003997437707723917,2.9485875,0.0,6.0
171,Northwest Territories,65-69,Male,885.0,9.716222478866174,0.010978782461995676,5,10,1,-4.500751241872048,6.785587645007929,0.012944148847986944,0.011709548697368557,0.014211087049458707,11.4472875,4.0,17.0
172,Northwest Territories,70-74,Female,435.0,1.2832355960442792,0.002949966887458113,5,11,0,-5.823007006667951,6.075346031088684,0.0028070193501194907,0.002528663452956231,0.0030782014435937538,1.222275,0.0,3.0
173,Northwest Territories,70-74,Male,535.0,3.9840677051558933,0.007446855523655875,5,11,1,-4.89248869126957,6.282266746896006,0.010004538184233506,0.009035804354757704,0.010979183470759957,5.3426,0.0,9.0
174,Northwest Territories,75-79,Female,270.0,0.4517484956879906,0.0016731425766221874,5,12,0,-6.3913770946365345,5.598421958998375,0.001859709129836776,0.0016769684274835308,0.0020465041957437114,0.500725,0.0,2.0
175,Northwest Territories,75-79,Male,285.0,0.9704380882799741,0.003405045923789383,5,12,1,-5.679085996022687,5.652489180268651,0.006644438606579377,0.005986320068288781,0.007300404939087106,1.8970375,0.0,4.0
176,Northwest Territories,80-84,Female,130.0,0.0929396651280001,0.0007149205009846162,5,13,0,-7.242624032707638,4.867534450455582,0.0009271083592882504,0.000830434595278316,0.0010236699212757313,0.1218625,0.0,1.0
177,Northwest Territories,80-84,Male,170.0,0.2210479535672488,0.0013002820798073459,5,13,1,-6.643872925405105,5.135798437050262,0.003320408803840803,0.0029789808904945904,0.003668696276251918,0.5655375,0.0,2.0
178,Northwest Territories,85+,Female,65.0,0.0122807020555901,0.00018893387777830923,5,14,0,-8.573924505414265,4.174387269895637,0.0002705559121141289,0.00023495364050550794,0.00030636773280115216,0.018775,0.0,0.0
179,Northwest Territories,85+,Male,70.0,0.0225375268030342,0.0003219646686147743,5,14,1,-8.040746726728543,4.248495242049359,0.0009706368480913988,0.0008456815832419422,0.0011019488479525957,0.0678,0.0,1.0
180,Nova Scotia,18-19,Female,10080.0,73.6506011759393,0.007306607259517788,6,0,0,-4.91164280488812,9.21830854162536,0.00734970148677961,0.007172267711802816,0.007530357507615333,74.0431875,57.0,90.0
181,Nova Scotia,18-19,Male,10500.0,279.87165811898325,0.026654443630379356,6,0,1,-3.5977832873651896,9.259130536145614,0.025893102357226274,0.025281914462680424,0.026494993705158704,271.8844625,238.0,303.0
182,Nova Scotia,20-24,Female,29690.0,216.66257253558186,0.00729749318072017,6,1,0,-4.912900139568368,10.298565567757805,0.007306130152564731,0.0071490241090406345,0.007463569618335621,216.8406625,186.0,244.0
183,Nova Scotia,20-24,Male,32045.0,846.8172316274225,0.026425877098686927,6,1,1,-3.606630239332909,10.374896443938328,0.025742462730382925,0.02521626536855128,0.02627884271374157,824.8897375,767.0,882.0
184,Nova Scotia,25-29,Female,30930.0,224.93803324893236,0.0072724873342687475,6,2,0,-4.916357848403514,10.339481865679115,0.007206900733253681,0.0070568989204830585,0.00736699710898972,222.8783,191.0,250.0
185,Nova Scotia,25-29,Male,31630.0,822.3406119283234,0.025998754724259353,6,2,1,-3.62336394050523,10.361861316299695,0.025399244839759975,0.024877610219021348,0.025924708498131995,803.4058125,744.0,858.0
186,Nova Scotia,30-34,Female,29885.0,216.12062594584393,0.007231742544615825,6,3,0,-4.922017237647024,10.305111961258355,0.0071016852397851,0.006946788946600454,0.007251982058735877,212.200875,182.0,239.0
187,Nova Scotia,30-34,Male,29330.0,751.1494129241645,0.025610276608392924,6,3,1,-3.6388176493492352,10.286366161971497,0.025035136858300562,0.0245229265071982,0.025554457091560873,734.3371375,677.0,786.0
188,Nova Scotia,35-39,Female,29715.0,212.555959380211,0.0071531536052569745,6,4,0,-4.933023095773851,10.299407247800762,0.0069749545151410386,0.006822635466378859,0.00712567734615524,207.210075,178.0,234.0
189,Nova Scotia,35-39,Male,27830.0,700.5550864108809,0.02517265851278767,6,4,1,-3.656501943812603,10.233869854519936,0.02459630821697878,0.02409462399976914,0.02511675509840336,684.460525,630.0,734.0
190,Nova Scotia,40-44,Female,29390.0,206.7142791043062,0.007033490272347948,6,5,0,-4.950013871950641,10.288409759412962,0.006826867290526581,0.006677813124140078,0.006974549605849272,200.6118625,171.0,227.0
191,Nova Scotia,40-44,Male,27135.0,669.2763158594611,0.024664688257212495,6,5,1,-3.677408725823598,10.208579686497504,0.024083170266213223,0.023576610351122844,0.0245799005995218,653.5486625,600.0,702.0
192,Nova Scotia,45-49,Female,31950.0,219.10222233929414,0.006857659541135967,6,6,0,-4.975507788875425,10.371927459805681,0.006634088890418752,0.00648921591414531,0.006778899208495709,211.983675,182.0,239.0
193,Nova Scotia,45-49,Male,29830.0,713.4788323346863,0.023918164007196995,6,6,1,-3.7089082606666897,10.303269877508795,0.023414596963525984,0.02293099854365674,0.023914229676267957,698.666,643.0,749.0
194,Nova Scotia,50-54,Female,34510.0,229.29566777008193,0.006644325348307213,6,7,0,-5.007325622546593,10.449004416092048,0.00635142738282962,0.00621399823377723,0.006490186427219003,219.17255,189.0,247.0
195,Nova Scotia,50-54,Male,33095.0,751.58854293932,0.022710033024303366,6,7,1,-3.761976590937208,10.407137492553023,0.022433107770214816,0.021955544709173713,0.02289180035895882,742.407275,686.0,795.0
196,Nova Scotia,55-59,Female,40190.0,252.1674667763187,0.00627438334850258,6,8,0,-5.064985919930662,10.601373487443247,0.005927749483933826,0.0057998002065543525,0.006055415902355566,238.2534625,206.0,267.0
197,Nova Scotia,55-59,Male,38985.0,815.507106720354,0.020918484204703193,6,8,1,-3.8459817235933467,10.570932235743701,0.020959316570176217,0.020526584192520257,0.021397800628426156,817.1647875,759.0,874.0
198,Nova Scotia,60-64,Female,38460.0,218.91630325600167,0.005692051566718712,6,9,0,-5.162976226258728,10.55737401914277,0.005319666276047078,0.005203480387338074,0.005437830809221403,204.5694375,175.0,231.0
199,Nova Scotia,60-64,Male,36550.0,662.1947432426668,0.018117503235093483,6,9,1,-3.9925931435696875,10.506436465177925,0.0188384820846187,0.018436702652977754,0.01923752868383312,688.508225,638.0,743.0
200,Nova Scotia,65-69,Female,33520.0,163.83700314985174,0.004887738757453811,6,10,0,-5.316125781415416,10.41989755459602,0.004496371462711953,0.004392759935682942,0.004598641869678271,150.72665,125.0,173.0
201,Nova Scotia,65-69,Male,31405.0,455.040713306442,0.014489435227079827,6,10,1,-4.219740067915461,10.354722394888482,0.015956524602636635,0.01559914777085932,0.01630778289534548,501.119175,454.0,544.0
202,Nova Scotia,70-74,Female,28610.0,110.60234958383735,0.0038658633199523717,6,11,0,-5.551696898120862,10.261511586044156,0.003468484567947464,0.0033844978304854024,0.0035551721335409145,99.2350875,78.0,117.0
203,Nova Scotia,70-74,Male,26400.0,266.72793252477084,0.01010333077745344,6,11,1,-4.584735413730911,10.181119289134408,0.01234128404558215,0.01204654485269947,0.012636042363029652,325.7670125,288.0,360.0
204,Nova Scotia,75-79,Female,19355.0,51.29287585183302,0.0026501098347627497,6,12,0,-5.930500565170462,9.870706063011749,0.002298452385827649,0.0022317268754931184,0.0023674733169185436,44.5013875,30.0,56.0
205,Nova Scotia,75-79,Male,16565.0,91.79222047812232,0.005541335374471616,6,12,1,-5.189963019417324,9.715047314733996,0.008202806465580099,0.007969398540557802,0.00844534205910237,135.7959375,111.0,157.0
206,Nova Scotia,80-84,Female,13125.0,17.217659280444398,0.0013118216594624303,6,13,0,-6.635025845136649,9.482274087459825,0.0011460861156886025,0.0010968334668718773,0.0011958536842188938,15.0546875,7.0,22.0
207,Nova Scotia,80-84,Male,10405.0,21.027400769511733,0.002020893875013141,6,13,1,-6.202192414429676,9.250041738827735,0.004102369324977631,0.003928757925378356,0.004280609856810897,42.674225,30.0,55.0
208,Nova Scotia,85+,Female,8630.0,3.051179110669545,0.0003535549375051616,6,14,0,-7.947118057051296,9.062999784077473,0.00033451069261716153,0.0003042944792302588,0.0003655885647805483,2.8848125,0.0,6.0
209,Nova Scotia,85+,Male,5285.0,1.778894185181686,0.0003365930340930342,6,14,1,-7.99629932163824,8.572627898304338,0.0011998811498340038,0.0010923321556685186,0.0013117542165210108,6.3562625,2.0,11.0
210,Nunavut,18-19,Female,654.0,3.9019910438456433,0.005966347161843491,7,0,0,-5.115636187607023,6.483107351457199,0.005083986676069254,0.00445529188278587,0.005715960408345125,3.321075,0.0,7.0
211,Nunavut,18-19,Male,652.0,15.04560428843272,0.0230760801969827,7,0,1,-3.7456121860450624,6.480044561926653,0.018013833933888238,0.015837974640404307,0.020242094250871923,11.761675,5.0,18.0
212,Nunavut,20-24,Female,1500.0,8.824632415142647,0.005883088276761764,7,1,0,-5.129772975999346,7.313220387090301,0.0050537739883356695,0.0044386329865004695,0.005684647886856121,7.570975,3.0,13.0
213,Nunavut,20-24,Male,1585.0,35.07534131521056,0.022129552880259026,7,1,1,-3.7884632444796122,7.368339686311381,0.01790817640967629,0.015738035725554118,0.020089508564772422,28.3623125,18.0,39.0
214,Nunavut,25-29,Female,1615.0,9.257842881177158,0.0057324104527412744,7,2,0,-5.155870260553879,7.387090235656757,0.004984985936188429,0.004378973368546382,0.005609144700970614,8.0540875,2.0,13.0
215,Nunavut,25-29,Male,1620.0,32.764791278111986,0.020225179801303696,7,2,1,-3.8803944169976368,7.3901814282264295,0.01766754278958323,0.01553508497984708,0.01983628513202921,28.66155,18.0,39.0
216,Nunavut,30-34,Female,1520.0,8.300729418565185,0.0054610061964244635,7,3,0,-5.204646249143104,7.326465613840322,0.004912045063934795,0.004306911135238448,0.00552008650851232,7.4755625,3.0,13.0
217,Nunavut,30-34,Male,1580.0,29.405602938146885,0.018611141100092966,7,3,1,-3.965208386063504,7.365180126021013,0.017412292577642752,0.015287378209733206,0.01953082022137969,27.5252125,16.0,37.0
218,Nunavut,35-39,Female,1315.0,6.857084568075416,0.0052145129795250315,7,4,0,-5.251081427283612,7.181591944611865,0.004824201620980691,0.0042275598183523595,0.0054184266328800796,6.3482625,2.0,11.0
219,Nunavut,35-39,Male,1355.0,24.114368240100852,0.0177965817270117,7,4,1,-4.0107920327719215,7.2115567333138015,0.017104760219506646,0.015031608454912696,0.019196777041934,23.2094625,13.0,32.0
220,Nunavut,40-44,Female,1065.0,5.47375781208438,0.005139678696792846,7,5,0,-5.265611779542889,6.970730078143525,0.0047215662993438864,0.004141133253125083,0.0053064760760694685,5.0250875,1.0,9.0
221,Nunavut,40-44,Male,1135.0,19.275757413642733,0.01698304617942091,7,5,1,-4.05841080414374,7.034387929915503,0.016745266819632003,0.014726250789272305,0.018803653393801297,19.0111125,10.0,27.0
222,Nunavut,45-49,Female,1060.0,5.306933555217712,0.00500654108982803,7,6,0,-5.291990887749196,6.966024187106113,0.0045879605259186475,0.00402632203412119,0.005160087853576584,4.8707,1.0,9.0
223,Nunavut,45-49,Male,1135.0,17.64987795976008,0.015550553268511083,7,6,1,-4.147986329619103,7.034387929915503,0.016277015216821365,0.014350506149642256,0.018323120766551078,18.4529,9.0,26.0
224,Nunavut,50-54,Female,1035.0,4.776225452622847,0.004614710582244296,7,7,0,-5.373880734169739,6.942156705699469,0.004392094171482618,0.0038495198160911847,0.004932137266690251,4.5382,0.0,8.0
225,Nunavut,50-54,Male,1190.0,16.471120123292646,0.013841277414531636,7,7,1,-4.266162073232267,7.081708586105575,0.015589971805753364,0.013713112525473484,0.017511048833932275,18.5354125,9.0,26.0
226,Nunavut,55-59,Female,845.0,3.5328042596549105,0.004180833443378593,7,8,0,-5.473055066389006,6.739336627357174,0.004098585192702189,0.003602174166266191,0.0046149042968169395,3.4744,0.0,7.0
227,Nunavut,55-59,Male,850.0,10.138360125053985,0.011927482500063513,7,8,1,-4.416910902118913,6.745236349484363,0.01455913052773098,0.012822660679696228,0.016376239651217192,12.3727125,6.0,19.0
228,Nunavut,60-64,Female,490.0,1.596090335186215,0.0032573272146657448,7,9,0,-5.72358564883151,6.194405391104672,0.003677464327926433,0.0032261932502010717,0.004136544313527406,1.7995375,0.0,4.0
229,Nunavut,60-64,Male,555.0,4.953030735892473,0.008924379704310762,7,9,1,-4.7100040141451345,6.318968113746434,0.013077377596875769,0.011520362862402043,0.0147269746581789,7.26035,2.0,12.0
230,Nunavut,65-69,Female,300.0,0.6323068269438215,0.0021076894231460714,7,10,0,-6.160053077904442,5.703782474656201,0.00310753767112573,0.0027283601730024973,0.0034987729244755563,0.9292375,0.0,3.0
231,Nunavut,65-69,Male,390.0,2.510196305629217,0.006436400783664659,7,10,1,-5.039328575900896,5.966146739123692,0.011066915037242057,0.009709570893353267,0.012427413964020481,4.306675,1.0,8.0
232,Nunavut,70-74,Female,205.0,0.2540646022636309,0.001239339523237224,7,11,0,-6.691936575680671,5.3230099791384085,0.0023963832178148787,0.002095037192963685,0.002690398361554346,0.48995,0.0,2.0
233,Nunavut,70-74,Male,240.0,0.9981047364081002,0.0041587697350337505,7,11,1,-5.478368543749706,5.480638923341991,0.008549952972724834,0.007469347098889307,0.009579766375137464,2.0607125,0.0,5.0
234,Nunavut,75-79,Female,110.0,0.0372354873487553,0.00033850443044323,7,12,0,-7.990634815503015,4.700480365792417,0.00158742875448764,0.001391987023552894,0.0017899889797582155,0.1748625,0.0,1.0
235,Nunavut,75-79,Male,115.0,0.22824472801100198,0.0019847367653130607,7,12,1,-6.220282276604399,4.74493212836325,0.005675582161128453,0.005003873900270827,0.006421169042637665,0.6512625,0.0,2.0
236,Nunavut,80-84,Female,50.0,0.0008963252892018892,1.7926505784037784e-05,7,13,0,-10.929212243652021,3.912023005428146,0.0007912665849906438,0.0006878416332344051,0.0008925688126370863,0.039375,0.0,0.0
237,Nunavut,80-84,Male,70.0,0.0262584691347038,0.0003751209876386257,7,13,1,-7.887886758962806,4.248495242049359,0.002834883929039966,0.002471980833831316,0.003204437804962316,0.197975,0.0,1.0
238,Nunavut,85+,Female,20.0,3.767776236027957e-06,1.8838881180139787e-07,7,14,0,-15.484757673521598,2.995732273553991,0.00023089158673918805,0.00019741640364772075,0.0002676620393962552,0.0042125,0.0,0.0
239,Nunavut,85+,Male,25.0,0.0011384300019387,4.5537200077548e-05,7,14,1,-9.996935443688349,3.2188758248682006,0.0008284228689036842,0.0007049508644248598,0.0009568533338599457,0.0204625,0.0,0.0
240,Ontario,18-19,Female,167412.0,1545.6054273555956,0.009232345514990536,8,0,0,-4.675766916359493,12.028213119056108,0.010533393690590632,0.010372139793838886,0.010691954690421003,1763.1548625,1673.0,1845.0
241,Ontario,18-19,Male,176586.0,6692.0272404179705,0.037896703251775174,8,0,1,-3.234257699114718,12.081563288811363,0.03681146593505519,0.03629212234013692,0.037328071285977746,6500.47735,6322.0,6683.0
242,Ontario,20-24,Female,491135.0,4520.200782830988,0.009203581057817073,8,1,0,-4.678916429565659,13.104474318068588,0.010471148533097416,0.01036097452308659,0.010573270839093879,5142.496175,4991.0,5288.0
243,Ontario,20-24,Male,540010.0,20336.84685484558,0.03766013009915664,8,1,1,-3.2407657055925254,13.19934293688751,0.036599705237930144,0.03627747346025113,0.036909987428139786,19764.507675,19441.0,20082.0
244,Ontario,25-29,Female,507400.0,4643.733494392352,0.009152017135183982,8,2,0,-4.684586817924591,13.137054926147318,0.010329379081579812,0.010226764261830786,0.01043449872831797,5240.895375,5094.0,5395.0
245,Ontario,25-29,Male,538840.0,20046.363198295203,0.037202811963282616,8,2,1,-3.2534584364615653,13.197173959812504,0.036117092517002895,0.03581502613207815,0.036430238839016436,19461.2506875,19148.0,19774.0
246,Ontario,30-34,Female,499145.0,4535.501059606465,0.009086540102788698,8,3,0,-4.691832995503006,13.120651913685451,0.010179045985871755,0.010078115469726298,0.010283928365167727,5081.08365,4936.0,5234.0
247,Ontario,30-34,Male,508060.0,18619.032516965748,0.03664731039043764,8,3,1,-3.269079545962556,13.138354829822374,0.03560495507478483,0.03529217210116053,0.03591530471792661,18089.4964375,17792.0,18398.0
248,Ontario,35-39,Female,487885.0,4390.485062336762,0.008999016289364834,8,4,0,-4.701600256793205,13.097835001326404,0.009997951107558582,0.009896751390679812,0.010102291253755303,4877.9913625,4730.0,5020.0
249,Ontario,35-39,Male,475890.0,17136.61456200576,0.03600961264579159,8,4,1,-3.287295402184743,13.07294201407061,0.03498749710797954,0.03467851610110324,0.03530299836284569,16651.0353375,16361.0,16937.0
250,Ontario,40-44,Female,471155.0,4185.985004141903,0.008884517842624833,8,5,0,-4.714520864788722,13.062942405910121,0.009786314871549528,0.009683452725745672,0.009891774288238222,4611.0281375,4467.0,4750.0
251,Ontario,40-44,Male,442270.0,15570.453311884725,0.03520576415285849,8,5,1,-3.3107050279611046,12.999675834289484,0.0342651899132826,0.03395367519504168,0.034587052378448696,15154.6313375,14878.0,15428.0
252,Ontario,45-49,Female,479390.0,4183.975760127589,0.00872770762871063,8,6,0,-4.7324865119632475,13.080269741357268,0.009510769822194471,0.009406369664737882,0.009609339923213512,4559.0220625,4416.0,4696.0
253,Ontario,45-49,Male,460980.0,15737.747737317612,0.0341397625435325,8,6,1,-3.3425563800548934,13.041109937089736,0.03332361210732473,0.03301554476663671,0.03363946664739213,15360.855975,15082.0,15639.0
254,Ontario,50-54,Female,500395.0,4243.488274579595,0.00848027713022631,8,7,0,-4.761495709992335,13.123153065518578,0.00910666396179887,0.009009776414704187,0.009202927828270046,4556.7289375,4412.0,4693.0
255,Ontario,50-54,Male,491315.0,16021.706572119076,0.032609846172250136,8,7,1,-3.389987609768417,13.10484074893431,0.03194034162002625,0.03163830868783363,0.03223219743080108,15693.068675,15409.0,15973.0
256,Ontario,55-59,Female,538290.0,4365.021026016439,0.00810905093168448,8,8,0,-4.806632334041187,13.196152727374821,0.00850077076597297,0.008411614171893301,0.008590386989298721,4575.7897125,4434.0,4716.0
257,Ontario,55-59,Male,530530.0,16062.507261421673,0.03027634113324727,8,8,1,-3.4666445563117985,13.181631785861388,0.029861038838015396,0.029585214708896867,0.030133721063140634,15841.4505125,15556.0,16118.0
258,Ontario,60-64,Female,480895.0,3637.393511504075,0.00756379981389716,8,9,0,-4.876789043761073,13.083404230039735,0.0076307654534505335,0.00754568606458275,0.007719131392168205,3668.9119125,3540.0,3790.0
259,Ontario,60-64,Male,457695.0,12318.163798836233,0.026913476876164768,8,9,1,-3.587845842042752,13.033958302395916,0.02686416276110482,0.026585123932189664,0.027129207280995785,12296.0039625,12046.0,12539.0
260,Ontario,65-69,Female,407625.0,2761.872160227582,0.006775522012211179,8,10,0,-4.98764028533758,12.91810291309162,0.006452117006479054,0.006369098392554855,0.006536866473915722,2630.29615,2521.0,2732.0
261,Ontario,65-69,Male,371540.0,8321.955317214917,0.022398544752152978,8,10,1,-3.776106086679695,12.825411808945395,0.022782928490265444,0.022508410755986513,0.023054674605442846,8464.55905,8255.0,8665.0
262,Ontario,70-74,Female,340965.0,1941.162779306862,0.005693143810381892,8,11,0,-5.16278325689256,12.739535111701693,0.004979375419946699,0.00490101693988682,0.005057358278761707,1697.82345,1612.0,1781.0
263,Ontario,70-74,Male,304340.0,5152.629705527975,0.016930504388276188,8,11,1,-4.061562826841752,12.625900776474106,0.01764877481349622,0.017390154286551034,0.017912446178916804,5371.5177875,5204.0,5529.0
264,Ontario,75-79,Female,240550.0,1024.5309403673382,0.004259118438442479,8,12,0,-5.454424865128985,12.3906832471276,0.0033013546003148294,0.0032280386097022044,0.003376574864233613,794.2113375,734.0,849.0
265,Ontario,75-79,Male,204120.0,2224.857975385921,0.010899754925465025,8,12,1,-4.50805538144101,12.226463335177908,0.011751660332568721,0.011495865960049043,0.012011400325831856,2398.575775,2286.0,2504.0
266,Ontario,80-84,Female,175285.0,441.58734890943265,0.0025192534952188303,8,13,0,-5.9812702212462145,12.074168499649808,0.001646998473043429,0.001583757930630499,0.00171132952929921,288.6902625,252.0,322.0
267,Ontario,80-84,Male,136775.0,689.9785790866792,0.005044624961335619,8,13,1,-5.284374574587863,11.826092518932027,0.005887747540188894,0.005668012337336671,0.00611866432196105,805.3191875,740.0,866.0
268,Ontario,85+,Female,121420.0,112.59188565826729,0.0009272927496151152,8,14,0,-6.982313516049713,11.707010888684424,0.00048088219913490564,0.0004371389137462609,0.0005230904294610528,58.379525,42.0,73.0
269,Ontario,85+,Male,80880.0,94.47450690955978,0.0011680824296434196,8,14,1,-6.751223058571795,11.300721853694354,0.0017242575981109161,0.0015689937936592408,0.0018763601944972357,139.42175,112.0,164.0
270,Prince Edward Island,18-19,Female,1804.0,26.753131598417298,0.01482989556453287,9,0,0,-4.196169207171147,7.4977617006225685,0.01978482469554397,0.019116777945822394,0.02044312382907046,35.6938625,23.0,46.0
271,Prince Edward Island,18-19,Male,1886.0,139.97690198,0.07421893,9,0,1,-2.523618542278075,7.542213463193403,0.06756598922199461,0.06543639217979154,0.06970131785429859,127.4402875,105.0,148.0
272,Prince Edward Island,20-24,Female,5160.0,76.3552983470513,0.014797538439351028,9,1,0,-4.198386319510671,8.548691858475609,0.01966900604502476,0.019053199279140374,0.020292579727516358,101.4714625,81.0,120.0
273,Prince Edward Island,20-24,Male,6030.0,444.18953980441466,0.07366327359940542,9,1,1,-2.5317334519163683,8.704502289721232,0.06718973313637018,0.06517390838359377,0.06916523482408653,404.9980125,364.0,443.0
274,Prince Edward Island,25-29,Female,4675.0,68.96293160983583,0.014751429221355259,9,2,0,-4.201553991001343,8.449984441722787,0.01940514370451433,0.018776849562404472,0.01999844312547323,90.6870375,72.0,109.0
275,Prince Edward Island,25-29,Male,5170.0,376.09499342309056,0.07274564669692274,9,2,1,-2.5452588461687546,8.550627967502475,0.06633152183416884,0.06434219855963592,0.06827411854385029,342.8797625,307.0,379.0
276,Prince Edward Island,30-34,Female,4505.0,66.37225531992948,0.014733020048818974,9,3,0,-4.202821413546927,8.412943170042439,0.019125271537469648,0.018517917136034096,0.019720717701876722,86.1720125,67.0,103.0
277,Prince Edward Island,30-34,Male,4365.0,311.8155065436231,0.07143539668811526,9,3,1,-2.564846458086359,8.381373468273702,0.06542002293388696,0.06345452633911555,0.06733838397218764,285.4921375,251.0,317.0
278,Prince Edward Island,35-39,Female,4815.0,70.54210143447993,0.014650488356070598,9,4,0,-4.208522742596765,8.479491324232226,0.01878804266686923,0.01819326551670582,0.019382873210619243,90.4693875,71.0,108.0
279,Prince Edward Island,35-39,Male,4420.0,310.3424152512611,0.07021321612019482,9,4,1,-2.5834187380839793,8.393894975071744,0.06432002992843189,0.06241097041169096,0.06624290954304288,284.2804125,250.0,316.0
280,Prince Edward Island,40-44,Female,4960.0,72.12378361214274,0.014541085405673941,9,5,0,-4.216129316861442,8.509161019718974,0.01839378801225372,0.01780895368844045,0.01897464226435873,91.2410875,72.0,109.0
281,Prince Edward Island,40-44,Male,4595.0,316.32179551803654,0.06884043428031263,9,5,1,-2.604639374472122,8.432724034789787,0.06303170465663674,0.06113497967858783,0.06490567683866462,289.6058625,256.0,322.0
282,Prince Edward Island,45-49,Female,5225.0,74.8703579849081,0.014329255116728822,9,6,0,-4.231019108896691,8.561210076833012,0.017880267525932338,0.017312630991817235,0.01844349087497243,93.4574,75.0,112.0
283,Prince Edward Island,45-49,Male,5100.0,340.03018861668346,0.06667258600327126,9,6,1,-2.638962201341319,8.536995818712418,0.061349886586195064,0.05953078315952705,0.06320808193815414,312.9100375,278.0,347.0
284,Prince Edward Island,50-54,Female,5310.0,74.27874278060061,0.013988463800489757,9,7,0,-4.255435078855527,8.577347114235984,0.017126702691216047,0.01658889002386459,0.01767418566807913,90.9007375,71.0,108.0
285,Prince Edward Island,50-54,Male,5265.0,332.35871064495734,0.06312606090122647,9,7,1,-2.697415042662963,8.568836424568076,0.058874136416252984,0.05709839132199796,0.0606446340955486,310.0842125,274.0,343.0
286,Prince Edward Island,55-59,Female,6225.0,83.21642729353546,0.013368100770045858,9,8,0,-4.301425691343292,8.736328721332908,0.015995825372600747,0.01548840554104111,0.016499910114370565,99.5279625,79.0,118.0
287,Prince Edward Island,55-59,Male,5780.0,331.65359526734596,0.05737951475213598,9,8,1,-2.798976393183298,8.662158961666423,0.05514136108406701,0.05344559128735621,0.05676068291708318,318.7397375,283.0,353.0
288,Prince Edward Island,60-64,Female,5790.0,71.47258335215147,0.012344142202444123,9,9,0,-4.3821526800432,8.663887570567042,0.014369869396342381,0.013914178294258383,0.014831793587810326,83.1656125,66.0,101.0
289,Prince Edward Island,60-64,Male,5440.0,272.08462640668625,0.0500155563247585,9,9,1,-2.9441115258483155,8.601534339849989,0.049737475714258156,0.04824055108497851,0.051282779956899636,270.58015,236.0,301.0
290,Prince Edward Island,65-69,Female,5175.0,57.902983878391424,0.011188982391959696,9,10,0,-4.481573649912004,8.55159461813357,0.012163056848782588,0.011762224330406211,0.012554983531736905,62.9678125,46.0,77.0
291,Prince Edward Island,65-69,Male,4840.0,198.7461748314363,0.04106325926269345,9,10,1,-3.150711322440605,8.484669999710677,0.04233251348372838,0.041023703780654557,0.04367867637410066,204.910825,175.0,231.0
292,Prince Edward Island,70-74,Female,4440.0,42.43738907109267,0.009557970511507358,9,11,0,-4.640775922977073,8.39840965542627,0.009399088789125334,0.00908246532801371,0.009718613718897056,41.72355,28.0,53.0
293,Prince Edward Island,70-74,Male,4205.0,129.1850215311046,0.03072176493010811,9,11,1,-3.4515803481889513,8.344029572407049,0.032941412165480397,0.03186114641330277,0.034015718659440176,138.4876375,114.0,160.0
294,Prince Edward Island,75-79,Female,2885.0,19.69118747591478,0.00682536827588034,9,12,0,-4.980260211895402,7.9672801789422,0.006240996528088286,0.006004142945760845,0.006472995201876832,18.0001375,10.0,26.0
295,Prince Edward Island,75-79,Male,2450.0,45.723806362463534,0.018662778107127975,9,12,1,-3.9623850890227703,7.803843303538772,0.022049197621682896,0.021221240394107197,0.022839840748321596,53.9923125,40.0,68.0
296,Prince Edward Island,80-84,Female,2070.0,8.324952994255366,0.004021716422345587,9,13,0,-5.512016671472405,7.635303886259415,0.0031181484520848724,0.0029644309608928394,0.003268335442140382,6.462,2.0,11.0
297,Prince Edward Island,80-84,Male,1490.0,10.165752430245934,0.006822652637748949,9,13,1,-4.980660899593036,7.306531398939505,0.011104698715362939,0.010576462108451902,0.011646866299464449,16.5447125,9.0,24.0
298,Prince Edward Island,85+,Female,1325.0,1.647744494907805,0.0012435807508738152,9,14,0,-6.688516003811522,7.1891677384203225,0.0009113715109429227,0.0008264406970948962,0.0009990682781414195,1.2056125,0.0,3.0
299,Prince Edward Island,85+,Male,845.0,0.8383819977761611,0.000992168044705516,9,14,1,-6.914625404551966,6.739336627357174,0.003264182383261103,0.002963419261905355,0.003579918171076506,2.754275,0.0,6.0
300,Quebec,18-19,Female,83268.0,884.2602197031628,0.010619448283892524,10,0,0,-4.534391978161035,11.32981960068755,0.008824868472802835,0.00868237574732653,0.008964638568200704,734.6807,679.0,787.0
301,Quebec,18-19,Male,86952.0,2425.000817168381,0.027888959623336797,10,0,1,-3.5512391389190014,11.373111521243024,0.03097404305481008,0.03051699275060314,0.03144003606093154,2693.3477,2588.0,2803.0
302,Quebec,20-24,Female,242705.0,2571.769620450283,0.010596277870049168,10,1,0,-4.53659966567633,12.399601993068202,0.008772628579760893,0.008675958750460379,0.008871347106132424,2129.1460125,2033.0,2218.0
303,Quebec,20-24,Male,260455.0,7219.605618261602,0.027719205307103346,10,1,1,-3.557519140834726,12.470185380531781,0.030794779858370175,0.03049333363229703,0.031095497634794748,8020.1225,7831.0,8210.0
304,Quebec,25-29,Female,272150.0,2874.791155940023,0.010563259805034074,10,2,0,-4.539753907616992,12.514108663862347,0.008653652650434685,0.008559097708036171,0.008748637908484656,2354.9924125,2256.0,2452.0
305,Quebec,25-29,Male,292410.0,8029.551196877674,0.027459906285276406,10,2,1,-3.567184314551087,12.585912205999366,0.030386292316954694,0.030099834285552955,0.0306826402422852,8885.8634,8686.0,9087.0
306,Quebec,30-34,Female,264215.0,2779.6714233946236,0.010520490598166734,10,3,0,-4.543854215766779,12.484518444629039,0.008527498375379526,0.00843356563259597,0.008622765945383973,2252.9555125,2156.0,2348.0
307,Quebec,30-34,Male,274925.0,7471.769995279832,0.02717748475140432,10,3,1,-3.577812791709261,12.524253612179136,0.02995289385759091,0.029655867825021588,0.030245125275690735,8234.7092375,8038.0,8424.0
308,Quebec,35-39,Female,286415.0,2996.3444327640705,0.010461548566814135,10,4,0,-4.549532129525583,12.565197086998818,0.008375534626699885,0.008281743141349471,0.008467674581946734,2398.7925375,2299.0,2497.0
309,Quebec,35-39,Male,295650.0,7947.387441110973,0.026881066941014622,10,4,1,-3.5890841004625216,12.596931601248976,0.029430452997467306,0.029137924945913985,0.029715669326117914,8700.762175,8498.0,8899.0
310,Quebec,40-44,Female,279005.0,2892.5188989007324,0.010367265457252495,10,5,0,-4.558680609092238,12.538984981789874,0.008197958051301071,0.00810288595075319,0.008291070482433287,2287.256975,2188.0,2381.0
311,Quebec,40-44,Male,288690.0,7646.853970482285,0.02648811517711831,10,5,1,-3.6042138845708576,12.573108727018557,0.028819446127788063,0.02852417527080979,0.029110807146826255,8319.6399375,8127.0,8517.0
312,Quebec,45-49,Female,257440.0,2627.5941201176915,0.010206627253409305,10,6,0,-4.574458966914369,12.45854196222621,0.007966776253279321,0.00787663375569393,0.008060135758201007,2051.113775,1956.0,2139.0
313,Quebec,45-49,Male,265255.0,6860.67365246993,0.025864446108348305,10,6,1,-3.628681177823002,12.488446906439943,0.02802317383564495,0.027729517138504134,0.02830667623975659,7433.4996125,7251.0,7615.0
314,Quebec,50-54,Female,280525.0,2786.4046821873303,0.009932821253675539,10,7,0,-4.6019282462749365,12.544418126533067,0.007627767887971591,0.007539839589830333,0.007714785680134707,2139.7218,2045.0,2231.0
315,Quebec,50-54,Male,285035.0,7086.4281627733735,0.024861607040445467,10,7,1,-3.6692546748067265,12.560367258728167,0.026853811970811436,0.02657661284261824,0.027126008074815015,7654.30075,7465.0,7837.0
316,Quebec,55-59,Female,320080.0,3042.0461529681743,0.009504018223469678,10,8,0,-4.646491129296593,12.676326243531117,0.007119563085514945,0.007040269430307808,0.00720232316437501,2278.6196875,2177.0,2371.0
317,Quebec,55-59,Male,322420.0,7510.787359657232,0.023295041745726792,10,8,1,-3.7359440816643374,12.68361032242999,0.025097055651067023,0.024848114790022878,0.025359840392584602,8091.8055,7899.0,8281.0
318,Quebec,60-64,Female,306825.0,2719.994345789886,0.008864969757320578,10,9,0,-4.716743253548959,12.634032831465708,0.006390004621377124,0.006313896961750482,0.006468075062441237,1960.60345,1868.0,2048.0
319,Quebec,60-64,Male,303635.0,6370.15940287891,0.02097966111574394,10,9,1,-3.8429989673687657,12.623581601126464,0.022567172161151512,0.022322646064721244,0.022817698514176518,6852.04535,6674.0,7027.0
320,Quebec,65-69,Female,260465.0,2064.4737973901165,0.007926108296278258,10,10,0,-4.829635434019037,12.47022377414309,0.005401960351041321,0.005328042084699233,0.005475122861145701,1407.0709625,1330.0,1481.0
321,Quebec,65-69,Male,253155.0,4493.229080459338,0.01774892488972897,10,10,1,-4.013522008482018,12.441757228338695,0.019125910064437708,0.018884467361361214,0.019369660982353914,4841.54445,4685.0,4982.0
322,Quebec,70-74,Female,220055.0,1447.049231166681,0.006575852542167554,10,11,0,-5.017753476401579,12.301632794089706,0.004167918924141588,0.004100937058201799,0.004236774429640725,917.1889375,855.0,977.0
323,Quebec,70-74,Male,206355.0,2767.8993511301105,0.013413289482348916,10,11,1,-4.298005250819385,12.237353265563206,0.014803385217471342,0.014572000757511064,0.015028636079204393,3054.5338875,2933.0,3168.0
324,Quebec,75-79,Female,157650.0,758.2846540934368,0.004809924859457258,10,12,0,-5.332252286945441,11.968132664973206,0.0027625955090565613,0.002698751841740909,0.002825018695232058,435.507675,391.0,475.0
325,Quebec,75-79,Male,139090.0,1175.8447141112053,0.008453840780151019,10,12,1,-4.764644633516104,11.842876484601176,0.009847493229708454,0.009629611061818871,0.010068070805658576,1369.557125,1288.0,1445.0
326,Quebec,80-84,Female,108410.0,297.4727057440539,0.0027439600197772702,10,13,0,-5.895605407697667,11.593675614655337,0.0013778457931686422,0.0013253284391537591,0.00143268316165698,149.469375,123.0,172.0
327,Quebec,80-84,Male,84110.0,319.58720093589625,0.0037996338239911576,10,13,1,-5.569043708230277,11.339880744956483,0.004928993561844662,0.004742129718341399,0.005122342232189872,414.6868375,370.0,455.0
328,Quebec,85+,Female,78160.0,73.17774592183946,0.0009362557052435959,10,14,0,-6.97268523516691,11.266513286716664,0.00040221953180978706,0.0003669585257185369,0.00043890346037916376,31.44785,20.0,42.0
329,Quebec,85+,Male,49470.0,42.183917997215374,0.0008527171618600238,10,14,1,-7.06622956499451,10.809121704221754,0.0014424977167942048,0.0013144849374252664,0.0015715899188796397,71.3545875,53.0,88.0
330,Saskatchewan,18-19,Female,13896.0,82.60432500756852,0.00594446783301443,11,0,0,-5.11933206138347,9.53935630792094,0.0039309628443923005,0.0038175515954388837,0.004042056457635476,54.63005,39.0,68.0
331,Saskatchewan,18-19,Male,14752.0,187.27925813741172,0.012695177476776825,11,0,1,-4.353756634050336,9.599133945796375,0.01397023664471657,0.0135719384106051,0.014353307503823153,206.07655,176.0,233.0
332,Saskatchewan,20-24,Female,35410.0,208.69433175359939,0.005893655231674651,11,1,0,-5.127967799813361,10.474749545105949,0.003907579714462816,0.003803860403779469,0.004009239090061159,138.3519,114.0,160.0
333,Saskatchewan,20-24,Male,39485.0,494.9500908790985,0.012535142228165088,11,1,1,-4.3666048310466055,10.583676131931682,0.013887970387704899,0.013536542042101592,0.01424762607560878,548.289,499.0,594.0
334,Saskatchewan,25-29,Female,38550.0,224.79988369498653,0.005831384791050234,11,2,0,-5.138652324638507,10.559711378991475,0.003854326934261863,0.0037543957600675833,0.003955762047796032,148.58655,123.0,171.0
335,Saskatchewan,25-29,Male,42040.0,515.2135767478701,0.0122553181909579,11,2,1,-4.389464264312786,10.646376824990888,0.013700575440794074,0.013350956276679711,0.014046170785134624,576.0668625,527.0,624.0
336,Saskatchewan,30-34,Female,42230.0,243.50649269152674,0.0057661968432755565,11,3,0,-5.1499596561891545,10.65088614792799,0.0037978688814811305,0.0036968952460745123,0.0038953785238730375,160.331175,134.0,184.0
337,Saskatchewan,30-34,Male,44210.0,527.383316633543,0.011929050364929722,11,3,1,-4.416777874192201,10.69670628682029,0.013501847538053368,0.013163391735136708,0.013850732835124668,596.885575,547.0,645.0
338,Saskatchewan,35-39,Female,41495.0,235.41330574975203,0.0056732933064164845,11,4,0,-5.166296052240732,10.633328217032549,0.0037298735861011566,0.003630692837623996,0.0038261945422251474,154.7976375,129.0,178.0
339,Saskatchewan,35-39,Male,42780.0,495.6439545809526,0.011585880191233114,11,4,1,-4.4463146277345365,10.663825982636396,0.013262429454302614,0.012921019170247416,0.013598513780769227,567.424275,516.0,613.0
340,Saskatchewan,40-44,Female,36070.0,200.26969098526982,0.005552250928341276,11,5,0,-5.1879841388058985,10.493216773897585,0.0036504311257432023,0.003554274242131853,0.003746762339889978,131.6680875,108.0,153.0
341,Saskatchewan,40-44,Male,37640.0,422.48325297050764,0.011224315966272786,11,5,1,-4.478385001656395,10.535822593699315,0.01298259906481905,0.012654334880156482,0.013321803763812683,488.613275,443.0,532.0
342,Saskatchewan,45-49,Female,33010.0,178.69577152375842,0.005413382960428913,11,6,0,-5.213452976979012,10.40456582484724,0.0035470304777946277,0.0034540674196463614,0.0036414314965871287,117.02755,96.0,138.0
343,Saskatchewan,45-49,Male,33930.0,366.41323603772616,0.010799093310867262,11,6,1,-4.517435274326654,10.432054857778276,0.012618208768775447,0.01228401177334652,0.012933614425299849,428.1968875,387.0,469.0
344,Saskatchewan,50-54,Female,32985.0,172.09001343938027,0.005217220355900569,11,7,0,-5.25055964021255,10.403808191656971,0.003395452796897645,0.0033064529604321775,0.003485842596192597,111.9952,90.0,132.0
345,Saskatchewan,50-54,Male,34680.0,352.24970057723533,0.010157142461857997,11,7,1,-4.579369051933335,10.453918430894479,0.01208368704284471,0.011767729911242171,0.012390710302313179,419.1716875,377.0,459.0
346,Saskatchewan,55-59,Female,38640.0,190.41978842664963,0.004928048354726957,11,8,0,-5.307872009330698,10.562043288326453,0.0031683277704221543,0.003084027191965872,0.0032506902793900225,122.3829875,100.0,143.0
347,Saskatchewan,55-59,Male,39815.0,370.24217352656376,0.00929906250223694,11,8,1,-4.668499121410034,10.591999004691544,0.01128197786649863,0.010994457767725088,0.01157440487264244,449.1552625,405.0,490.0
348,Saskatchewan,60-64,Female,36460.0,165.07291820460006,0.00452750735613275,11,9,0,-5.393045955882565,10.503971048232653,0.002842502267331101,0.0027668762852721927,0.0029183595537884276,103.653725,82.0,122.0
349,Saskatchewan,60-64,Male,37285.0,302.95761130702374,0.008125455580180333,11,9,1,-4.804594833917808,10.526346379977895,0.0101302390479417,0.009865110001681119,0.010393875104475663,377.786475,336.0,414.0
350,Saskatchewan,65-69,Female,29510.0,116.46446266980908,0.003946610053195835,11,10,0,-5.5309438644567654,10.292484467936985,0.002401661193396153,0.0023350953322131924,0.0024675761266403085,70.87865,53.0,86.0
351,Saskatchewan,65-69,Male,29680.0,198.47050770763894,0.006687011715216945,11,10,1,-5.000878714019655,10.298228697281317,0.008568864801956693,0.008333093061731649,0.008797999339572512,254.3318375,222.0,285.0
352,Saskatchewan,70-74,Female,22680.0,72.10939005384807,0.0031794263692172873,11,11,0,-5.747869994016147,10.029238757841688,0.001851740765576937,0.001799316844592731,0.0019059491153974888,42.00075,29.0,54.0
353,Saskatchewan,70-74,Male,21680.0,105.6119650715315,0.00487140060293042,11,11,1,-5.319490480548548,9.984145455553582,0.00661617483750509,0.006426181372880144,0.0068016785247195675,143.4218375,119.0,166.0
354,Saskatchewan,75-79,Female,16580.0,37.71153850538037,0.0022745198133522536,11,12,0,-6.083709209449197,9.715952428689286,0.0012264155021308569,0.0011863481786794135,0.0012675379209301236,20.3575375,12.0,29.0
355,Saskatchewan,75-79,Male,14470.0,42.212192216769445,0.002917221300398718,11,12,1,-5.834202240538203,9.57983281962553,0.004388994873983715,0.004246969896676576,0.004533581738867656,63.4857125,47.0,78.0
356,Saskatchewan,80-84,Female,12780.0,16.084835655028755,0.001258594339204128,11,13,0,-6.676500397539878,9.455636727931525,0.0006112040906483608,0.0005830610740785631,0.0006388393228860905,7.8127375,3.0,13.0
357,Saskatchewan,80-84,Male,9795.0,11.465094564869496,0.0011705048049892289,11,13,1,-6.749148975586868,9.189627330378642,0.002190807359069792,0.0020920218254511106,0.0022905039366268665,21.4152375,12.0,30.0
358,Saskatchewan,85+,Female,9855.0,4.35060768646984,0.000441461967170963,11,14,0,-7.724977126763853,9.19573421958682,0.00017832544934958395,0.00016169593596418563,0.0001948904121753349,1.7541,0.0,4.0
359,Saskatchewan,85+,Male,6250.0,1.353228389710723,0.00021651654235371566,11,14,1,-8.437627065354933,8.740336742730447,0.0006399077722582875,0.0005815779701236559,0.0007003742591709842,3.9983625,1.0,8.0
360,Yukon,18-19,Female,400.0,1.0351380221777227,0.0025878450554443068,12,0,0,-5.954338575205942,5.991464547107982,0.0029049135968046047,0.002491235765701944,0.003327704009099684,1.164825,0.0,3.0
361,Yukon,18-19,Male,434.0,5.531749317278837,0.012745966168845246,12,0,1,-4.349712543453163,6.073044534100405,0.010350601914157846,0.008870556603558148,0.0118292395618273,4.5039375,0.0,8.0
362,Yukon,20-24,Female,1115.0,2.880939055148215,0.0025838018431822555,12,1,0,-5.95590623645711,7.016609683894219,0.0028876109823753604,0.002474242370738634,0.003302754449297159,3.232575,0.0,6.0
363,Yukon,20-24,Male,1255.0,15.720449028887902,0.01252625420628518,12,1,1,-4.367323131695854,7.134890851565884,0.010289411455488243,0.008842200101807958,0.011769885343941388,12.9084625,5.0,19.0
364,Yukon,25-29,Female,1400.0,3.546840897129445,0.0025334577836638892,12,2,0,-5.975633524015668,7.24422751560335,0.00284821718375888,0.002442702187269975,0.0032592101480199724,3.997275,1.0,8.0
365,Yukon,25-29,Male,1580.0,18.964551627435274,0.012002880776857768,12,2,1,-4.4105330962623475,7.365180126021013,0.010150073317875668,0.008728077534242743,0.01161456976386297,16.0633375,7.0,23.0
366,Yukon,30-34,Female,1755.0,4.363377801258308,0.0024862551574121416,12,3,0,-5.994488302402093,7.470224135899966,0.002806454421083769,0.002405204834615578,0.003209631871693831,4.921075,1.0,9.0
367,Yukon,30-34,Male,1690.0,19.501771551484964,0.011539509793778085,12,3,1,-4.450371891067189,7.432483807917119,0.010002326602309613,0.008581247261370214,0.011427242814941247,16.8994625,9.0,25.0
368,Yukon,35-39,Female,1725.0,4.27273347431111,0.002476946941629629,12,4,0,-5.998248529470599,7.45298232946546,0.00275616456486587,0.0023744339588528092,0.0031642076079030127,4.7535125,1.0,9.0
369,Yukon,35-39,Male,1710.0,19.224969087404816,0.01124267198093849,12,4,1,-4.476732393513164,7.444248649496705,0.009824367949902966,0.008450751623262757,0.011244516545991368,16.8136625,8.0,24.0
370,Yukon,40-44,Female,1535.0,3.777275348136312,0.002460765699111604,12,5,0,-6.004818919308526,7.336285660021297,0.0026974065256042384,0.0023268964984795634,0.003099991973321083,4.1429375,1.0,8.0
371,Yukon,40-44,Male,1395.0,15.089843402845016,0.010817092045050191,12,5,1,-4.515751776935945,7.240649694255466,0.009616384820699134,0.00827974707731869,0.01101906627530139,13.4300875,6.0,20.0
372,Yukon,45-49,Female,1480.0,3.552040973959108,0.0024000276851075053,12,6,0,-6.029872093865287,7.299797366758161,0.0026209289250443118,0.002250124468357288,0.0030018611594188538,3.873925,0.0,7.0
373,Yukon,45-49,Male,1400.0,14.167259495231212,0.010119471068022294,12,6,1,-4.583122861512289,7.24422751560335,0.009345587659966906,0.008038210111800503,0.010700873143304267,13.0825125,6.0,20.0
374,Yukon,50-54,Female,1395.0,3.2438191774235805,0.0023253184067552547,12,7,0,-6.061570274019445,7.240649694255466,0.0025088295923269845,0.0021638279356291754,0.002883066568727399,3.4972375,0.0,7.0
375,Yukon,50-54,Male,1420.0,13.192422989896833,0.00929043872527946,12,7,1,-4.6694356377096655,7.258412150595307,0.008948462599834268,0.00768935626873798,0.010237551321530976,12.7066875,5.0,19.0
376,Yukon,55-59,Female,1660.0,3.680730511659332,0.002217307537144176,12,8,0,-6.1092418708635785,7.414572881350589,0.0023408704150616995,0.0020115877786002585,0.0026829686773733458,3.8799125,0.0,7.0
377,Yukon,55-59,Male,1615.0,13.67376843210926,0.008466729679324618,12,8,1,-4.763108175171063,7.387090235656757,0.008353017233668455,0.007181708608938473,0.009561905452684254,13.4773,6.0,20.0
378,Yukon,60-64,Female,1470.0,3.0649899001677996,0.002085027142971292,12,9,0,-6.170886201766221,7.293017679772782,0.0020999637784471,0.0018060933492355688,0.002409019666910222,3.0870125,0.0,6.0
379,Yukon,60-64,Male,1560.0,11.479637620287203,0.007358742064286669,12,9,1,-4.904480324855404,7.352441100243583,0.007498055789448659,0.0064363924929093045,0.008578600398546476,11.696725,5.0,18.0
380,Yukon,65-69,Female,1055.0,1.9875761449238059,0.0018839584312073988,12,10,0,-6.272494431873393,6.961296045910167,0.0017740851677459737,0.0015229168517810173,0.0020330309531587975,1.87045,0.0,4.0
381,Yukon,65-69,Male,1145.0,6.86897664374797,0.005999106239081196,12,10,1,-5.110127607832768,7.0431599159883405,0.006339836424482355,0.00546128914277702,0.007275881679994938,7.2502125,2.0,12.0
382,Yukon,70-74,Female,655.0,0.9217235187408077,0.0014072114789935996,12,11,0,-6.56473700471411,6.484635235635252,0.0013676717785904757,0.001176568505928068,0.0015711898004792553,0.88875,0.0,3.0
383,Yukon,70-74,Male,790.0,3.3685645903101125,0.00426400581051913,12,11,1,-5.45327310681884,6.672032945461067,0.004892638698368465,0.004193859863380731,0.005600170219127293,3.861125,0.0,7.0
384,Yukon,75-79,Female,360.0,0.3374446318188974,0.0009373461994969372,12,12,0,-6.971520081664788,5.886104031450156,0.0009056634710603671,0.0007763885840020652,0.0010388212731164013,0.32525,0.0,1.0
385,Yukon,75-79,Male,425.0,0.9893356619872125,0.0023278486164404998,12,12,1,-6.0604802162613405,6.052089168924417,0.0032437622533519382,0.0027904035059218104,0.0037281007405608503,1.3815875,0.0,4.0
386,Yukon,80-84,Female,200.0,0.0781475845454486,0.00039073792272724297,12,13,0,-7.847082682787389,5.298317366548036,0.00045128152901833943,0.00038511680113439723,0.0005193972249351272,0.089725,0.0,1.0
387,Yukon,80-84,Male,235.0,0.22927635195842191,0.0009756440508869018,12,13,1,-6.93143661972992,5.459585514144159,0.0016182391452171853,0.0013802934191126952,0.001860217353627235,0.3833,0.0,2.0
388,Yukon,85+,Female,135.0,0.0096984991360618,7.184073434119852e-05,12,14,0,-9.54098706880892,4.90527477843843,0.0001316525355316321,0.00010967616806063234,0.00015435312972096913,0.0182125,0.0,0.0
389,Yukon,85+,Male,80.0,0.021012843615002802,0.00026266054518753505,12,14,1,-8.244385367123162,4.382026634673881,0.0004724819324095793,0.0003927082483331515,0.0005528598253998661,0.039525,0.0,0.0
